isoform	loci	subfamily	family	type	fertilized_egg	1-cell	64-cell	1k-cell	high	oblong	sphere	dome	30%epiboly	50%epiboly	shield	cluster
ENSDART00000145837	ENSDARG00000091627	EnSpm-N10_DR	CMC-EnSpm	DNA	0	0	0	0	0	0	0.59	2.202	2.763	2.807	4.061	cluster1
ENSDART00000147288	ENSDARG00000093317	EnSpm-N10_DR	CMC-EnSpm	DNA	0	0	0	0	0	0	2.949	5.872	10.132	7.72	12.183	cluster1
TALONT001173591	TALONG000039002	Gypsy-29-I_DR	Gypsy	LTR	0	0	0	0	0	0	2.359	7.34	10.132	12.633	14.891	cluster1
TALONT001678008	TALONG000051945	Gypsy161-I_DR	Gypsy	LTR	0	0	0	0	0	0	3.54	9.542	12.894	17.546	20.307	cluster1
TALONT001204763	TALONG000052530	I-1_DR	I	LINE	0	0	0	0	0	0	1.769	2.936	4.605	4.913	6.092	cluster1
TALONT001034416	TALONG000050385	Gypsy106-I_DR	Gypsy	LTR	0	0	0	0	0	0	1.769	3.67	6.447	7.72	8.799	cluster1
TALONT001156583	TALONG000051973	BHIKHARI-5-I_DR	ERV1	LTR	0	0	0	0	0	0	1.18	2.202	4.605	4.913	5.415	cluster1
TALONT000714112	TALONG000047563	BHIKHARI-5-I_DR	ERV1	LTR	0	0	0	0.552	0.647	6.532	7.078	12.479	23.026	25.969	27.074	cluster1
TALONT000918392	TALONG000048825	Gypsy12-I_DR	Gypsy	LTR	0	0	0	0	0	1.633	2.949	4.404	11.053	11.932	12.184	cluster1
TALONT001040248	TALONG000046080	BHIKHARI-3-I_DR	ERV1	LTR	0	0	0	0.552	1.941	25.313	123.864	324.443	499.212	493.405	571.94	cluster1
TALONT000988406	TALONG000042336	ERV1-I_DR	ERV1	LTR	0	0	0	0	1.941	25.315	70.781	282.602	494.605	450.594	547.572	cluster1
TALONT000928281	TALONG000048081	EnSpm-2_DR	CMC-EnSpm	DNA	0	0	0	0	0	0.817	4.719	13.213	24.869	23.863	27.751	cluster1
TALONT001211525	TALONG000050110	Gypsy43-I_DR	Gypsy	LTR	0	0	0	0	0	0	0	0.734	1.842	2.106	2.031	cluster1
TALONT001186935	ENSDARG00000086504	EnSpm-N10_DR	CMC-EnSpm	DNA	0	0	0	0	0	0	1.18	4.404	8.29	9.124	9.476	cluster1
TALONT001020257	TALONG000050177	Gypsy-171_DR-I	Gypsy	LTR	0	0	0	0	0	0	1.18	7.34	12.895	14.037	16.244	cluster1
TALONT001546438	ENSDARG00000020292	BHIKHARI_I	ERV1	LTR	0	0	0	0	0	0	0	0	1.842	2.106	2.707	cluster1
TALONT001301101	TALONG000053431	EnSpm-N17_DR	TcMar	DNA	0	0	0	0	0	0	0	0.734	3.684	4.211	5.415	cluster1
TALONT000927736	ENSDARG00000095057	EnSpm-17_DR	CMC-EnSpm	DNA	0	0	0	0	0	0.817	1.18	5.872	15.658	16.845	23.69	cluster1
TALONT001246743	TALONG000053003	L1-1_DR	L1	LINE	0	0	0	0	0	0	0	0.734	1.842	2.106	2.707	cluster1
TALONT001325260	TALONG000051693	BEL27-I_DR	Pao	LTR	0	0	0	0	0	0	0	2.936	4.605	6.317	8.799	cluster1
TALONT000593416	TALONG000032572	BHIKHARI-5-I_DR	ERV1	LTR	0	0	0	1.655	18.112	90.638	268.372	659.898	1215.795	1508.989	1926.319	cluster1
TALONT001130815	TALONG000044611	BEL-56_DRe-I	Pao	LTR	0	0	0	0	0	0	2.36	5.138	9.21	11.932	16.245	cluster1
TALONT000901670	TALONG000040724	BEL-59_DRe-I	Pao	LTR	0	0	0	0	0	0.817	14.746	18.351	33.158	51.235	60.24	cluster1
TALONT001052415	ENSDARG00000116389	BEL27-I_DR	Pao	LTR	0	0	0	0	0	0	1.18	0.734	1.842	2.807	3.384	cluster1
TALONT001490722	TALONG000048297	Gypsy50-I_DR	Gypsy	LTR	0	0	0	0	0.647	4.084	20.644	16.149	43.289	53.341	64.979	cluster1
TALONT001261878	ENSDARG00000102540	EnSpm-5_DR	CMC-EnSpm	DNA	0	0	0	0	0	0	0	1.468	3.684	6.317	5.415	cluster1
TALONT001388249	TALONG000052476	BEL-26_DR-I	Pao	LTR	0	0	0	0	0	0	0	2.936	12.894	21.056	16.921	cluster1
TALONT001130718	ENSDARG00000110670	BHIKHARI-5-I_DR	ERV1	LTR	0	0	0	0	0	0	0.59	0.734	1.842	3.509	3.384	cluster1
TALONT000735332	ENSDARG00000056036	BHIKHARI-5-I_DR	ERV1	LTR	0	0	0	0	0.647	0	1.769	4.404	11.053	18.248	18.952	cluster1
TALONT001081901	ENSDARG00000056831	BEL-54_DRe-I	Pao	LTR	0	0	0	0	0	0	0.59	0.734	0.921	1.404	2.031	cluster1
TALONT001067041	TALONG000050808	Gypsy106-I_DR	Gypsy	LTR	0	0	0	0	0	0	2.359	4.404	3.684	5.615	9.476	cluster1
TALONT000993838	TALONG000049838	EnSpm-18_DR	CMC-EnSpm	DNA	0	0	0	0	0	0.817	7.668	8.074	9.21	10.528	16.244	cluster1
TALONT000945677	TALONG000049120	Gypsy10-I_DR	Gypsy	LTR	0	0	0	0	0	2.45	8.258	8.808	12.895	14.739	29.105	cluster1
TALONT001196990	TALONG000052437	BHIKHARI-5-I_DR	ERV1	LTR	0	0	0	0	0	0	3.539	2.936	4.605	4.211	8.799	cluster1
TALONT001064549	TALONG000050774	Gypsy-21-I_DR	Gypsy	LTR	0	0	0	0	0	0	3.539	8.074	7.368	9.826	14.891	cluster1
TALONT000718820	TALONG000047587	BHIKHARI-3-I_DR	ERV1	LTR	0	0	0	2.207	3.235	25.314	184.025	437.485	442.107	557.275	712.05	cluster1
TALONT001196883	TALONG000052427	Gypsy81-I_Dr	Gypsy	LTR	0	0	0	0	0	0	1.18	3.67	3.684	4.913	6.769	cluster1
TALONT001157023	TALONG000049799	Gypsy-25-I_DR	Gypsy	LTR	0	0	0	0	0	0.817	3.539	12.479	9.21	15.441	16.921	cluster1
TALONT000733485	TALONG000045963	BEL36-I_DR	Pao	LTR	0	0	0	0	0.647	11.432	41.877	126.254	123.421	218.979	263.296	cluster1
TALONT000758007	TALONG000047766	BEL36-I_DR	Pao	LTR	0	0	0	0	0.647	5.716	26.543	83.679	74.605	127.036	144.847	cluster1
TALONT001052414	ENSDARG00000116389	BEL27-I_DR	Pao	LTR	0	0	0	0	0	0	4.719	11.011	7.368	10.528	15.568	cluster1
TALONT001069138	TALONG000050830	Gypsy137-I_DR	Gypsy	LTR	0	0	0	0	0	0	1.18	2.202	1.842	2.106	3.384	cluster1
TALONT000947480	TALONG000046632	BHIKHARI-2-I_DR	ERV1	LTR	0	0	0	0	0	2.45	2.36	16.883	11.052	14.739	26.397	cluster1
TALONT001133747	TALONG000047283	Gypsy-21-I_DR	Gypsy	LTR	0	0	0	0.552	0	0	15.336	44.042	34.079	37.198	77.838	cluster1
TALONT001053833	ENSDARG00000086324	ERV1-N6-I_DR	ERV1	LTR	0	0	0	0	0	0	0.59	0.734	0	2.106	2.707	cluster1
ENSDART00000135557	ENSDARG00000094523	EnSpm-N10_DR	CMC-EnSpm	DNA	0	0	0	0	0	0	0.59	0.734	0	1.404	2.707	cluster1
TALONT000575297	TALONG000046644	BEL-56_DRe-I	Pao	LTR	0	0	0	0.552	0.647	1.633	4.129	4.404	1.842	7.72	11.507	cluster1
TALONT001273911	TALONG000049043	BHIKHARI-5-I_DR	ERV1	LTR	0	0	0	0	0	0.817	2.949	7.34	2.763	9.124	17.599	cluster1
TALONT001389532	TALONG000054187	ERV1-N3-LTR_DR	ERV1	LTR	0	0	0	0	0	0	0	0.734	0	1.404	2.031	cluster1
TALONT001313845	TALONG000049397	Gypsy-25-I_DR	Gypsy	LTR	0	0	0	0	0	0	0	2.202	0.921	4.211	10.153	cluster1
TALONT001325387	ENSDARG00000107283	Gypsy10-I_DR	Gypsy	LTR	0	0	0	0	0	0	0	0.734	0	1.404	2.707	cluster1
TALONT001220642	ENSDARG00000087061	EnSpm-N10_DR	CMC-EnSpm	DNA	0	0	0	0	0	0	0	0.734	0	1.404	2.707	cluster1
TALONT001157007	TALONG000049796	BHIKHARI-5-I_DR	ERV1	LTR	0	0	0	0	0	0.817	6.488	15.415	17.5	37.9	41.965	cluster1
TALONT000902189	TALONG000048634	BEL36-I_DR	Pao	LTR	0	0	0	0	0	4.083	10.617	22.021	17.5	42.111	44.672	cluster1
TALONT001171082	TALONG000052161	Gypsy97-I_DR	Gypsy	LTR	0	0	0	0	0	0	0.59	1.468	0.921	2.807	3.384	cluster1
TALONT001042260	ENSDARG00000116400	EnSpm-4N2_DR	CMC-EnSpm	DNA	0	0	0	0	0	0	2.949	3.67	2.763	7.019	8.799	cluster1
TALONT001173129	TALONG000052189	L2-1_DR	L2	LINE	0	0	0	0	0	0	1.18	1.468	0.921	2.807	4.062	cluster1
TALONT001044702	ENSDARG00000092578	BEL-26_DR-I	Pao	LTR	0	0	0	0	0	0	3.539	5.138	2.763	9.124	8.799	cluster1
TALONT001107819	TALONG000051269	BEL27-I_DR	Pao	LTR	0	0	0	0	0	0	4.129	7.34	4.605	11.932	13.537	cluster1
TALONT001100195	TALONG000049146	Gypsy-14-I_DR	Gypsy	LTR	0	0	0	0	0	0.817	1.18	5.872	5.526	11.932	17.598	cluster1
TALONT001082134	TALONG000050937	Gypsy102-I_DR	Gypsy	LTR	0	0	0	0	0	0	0.59	4.404	3.684	7.72	12.184	cluster1
TALONT000901747	TALONG000048620	Gypsy-171_DR-I	Gypsy	LTR	0	0	0	0	0	4.083	9.438	22.021	21.184	40.708	54.825	cluster1
TALONT000917910	TALONG000048817	Gypsy-25-I_DR	Gypsy	LTR	0	0	0	0	0	0.817	6.488	20.553	16.579	32.987	49.41	cluster1
TALONT000590628	TALONG000046722	Gypsy-21-I_DR	Gypsy	LTR	0	0	0	0.552	0	4.899	17.105	33.031	35	65.975	111.005	cluster1
TALONT000899799	TALONG000048578	BHIKHARI_I	ERV1	LTR	0	0	0	0	0	0.817	10.617	25.691	16.579	44.919	67.008	cluster1
TALONT000970511	TALONG000049397	Gypsy-25-I_DR	Gypsy	LTR	0	0	0	0	0	0.817	1.18	7.34	4.605	13.335	22.336	cluster1
TALONT001312817	TALONG000040548	EnSpm-N17_DR	TcMar	DNA	0	0	0	0	0	0	0	1.468	0.921	2.807	3.384	cluster1
TALONT000957950	TALONG000049250	Gypsy152B-I_DR	Gypsy	LTR	0	0	0	0	0	0.817	0	8.074	5.526	11.932	16.922	cluster1
TALONT001220836	TALONG000038135	ERV1-N3-I_DR	ERV1	LTR	0	0	0	0	0	0	0	0.734	0.921	2.106	2.707	cluster1
TALONT000819215	ENSDARG00000102540	EnSpm-5_DR	CMC-EnSpm	DNA	0	0	0	0	0.647	0	1.18	9.542	8.29	16.845	23.013	cluster1
TALONT001063167	TALONG000050757	Gypsy-233_DR-I	Gypsy	LTR	0	0	0	0	0	0	1.77	14.681	14.737	30.882	38.581	cluster1
TALONT000989208	TALONG000049709	L2-1_DR	L2	LINE	0	0	0	0	0	1.633	1.18	1.468	2.763	8.422	14.891	cluster1
TALONT001240549	TALONG000052946	Gypsy102-I_DR	Gypsy	LTR	0	0	0	0	0	0	0	1.468	0.921	6.317	9.476	cluster1
TALONT001211753	ENSDARG00000117541	EnSpm-16_DR	CMC-EnSpm	DNA	0	0	0	0	0	0	0	2.936	7.368	13.335	20.982	cluster1
TALONT001078906	TALONG000050908	L1-37_DR	L1	LINE	0	0	0	0	0	0	1.769	2.202	5.526	13.335	19.629	cluster1
TALONT001291882	TALONG000053343	Gypsy65-I_DR	Gypsy	LTR	0	0	0	0	0	0	0	2.202	3.684	9.827	16.245	cluster1
TALONT001507800	TALONG000047733	BHIKHARI-5-I_DR	ERV1	LTR	0	0	0	0	0	0	0	0	2.763	6.317	8.122	cluster1
TALONT001492997	TALONG000053685	EnSpmN1_DR	CMC-EnSpm	DNA	0	0	0	0	0	0	0	0	0.921	2.106	3.384	cluster1
TALONT000733354	ENSDARG00000070858	EnSpm-4N2_DR	CMC-EnSpm	DNA	0	0	0	0	0.647	0	0	0	0.921	1.404	2.707	cluster1
TALONT000880373	TALONG000048298	BHIKHARI-2-LTR_DR	ERV1	LTR	0	0	0	0	0.647	0	0	0	0	0.702	1.354	cluster1
TALONT001108740	TALONG000034943	L1-55_DR	L1	LINE	0	0	0	0	0	0	0.59	1.468	2.763	13.335	30.458	cluster1
TALONT001603315	ENSDARG00000102540	EnSpm-5_DR	CMC-EnSpm	DNA	0	0	0	0	0	0	0	0	0	2.106	4.738	cluster1
TALONT001630028	TALONG000056020	BHIKHARI_I	ERV1	LTR	0	0	0	0	0	0	0	0	0	2.106	4.738	cluster1
TALONT001603267	ENSDARG00000084720	Gypsy80-I_DR	Gypsy	LTR	0	0	0	0	0	0	0	0	0	0.702	2.031	cluster1
TALONT001567320	TALONG000042919	ERV2_DR-I	ERV1	LTR	0	0	0	0	0	0	0	0	0	0.702	2.031	cluster1
TALONT001097354	TALONG000051119	BHIKHARI_I	ERV1	LTR	0	0	0	0	0	0	0.59	0.734	0	3.509	10.83	cluster1
TALONT000765667	TALONG000047794	BHIKHARI_I	ERV1	LTR	0	0	0	0	1.294	6.532	23.593	62.393	55.263	223.192	596.305	cluster1
TALONT001069620	TALONG000050849	ERV1-N3B-LTR_DR	ERV1	LTR	0	0	0	0	0	0	1.769	2.936	2.763	10.528	35.873	cluster1
TALONT001560691	TALONG000055577	DNA9TA1_DR	CMC-EnSpm	DNA	0	0	0	0	0	0	0	0	0	1.404	2.031	cluster1
TALONT001671191	ENSDARG00000056036	BHIKHARI-5-I_DR	ERV1	LTR	0	0	0	0	0	0	0	0	0	1.404	2.031	cluster1
TALONT001603320	ENSDARG00000102540	EnSpm-5_DR	CMC-EnSpm	DNA	0	0	0	0	0	0	0	0	0	1.404	2.031	cluster1
TALONT001563323	ENSDARG00000008593	ERV1-N3-I_DR	ERV1	LTR	0	0	0	0	0	0	0	0	0	2.807	4.738	cluster1
TALONT001678348	TALONG000047733	BHIKHARI-5-I_DR	ERV1	LTR	0	0	0	0	0	0	0	0	0	2.807	4.738	cluster1
TALONT001705812	TALONG000052366	Gypsy141-I_DR	Gypsy	LTR	0	0	0	0	0	0	0	0	0	1.404	2.707	cluster1
TALONT001659770	TALONG000051656	Gypsy-30-I_DR	Gypsy	LTR	0	0	0	0	0	0	0	0	0	0.702	1.354	cluster1
TALONT001632278	TALONG000051180	BEL34-I_DR	Pao	LTR	0	0	0	0	0	0	0	0	0	0.702	1.354	cluster1
TALONT001688272	TALONG000049922	ERV1-10_DR-I	ERV1	LTR	0	0	0	0	0	0	0	0	0	0.702	1.354	cluster1
ENSDART00000153498	ENSDARG00000097158	EnSpm-N17_DR	TcMar	DNA	0	0	0	0	0	0	0	0	0	0.702	1.354	cluster1
TALONT001706298	TALONG000046074	BHIKHARI-5-I_DR	ERV1	LTR	0	0	0	0	0	0	0	0	0	0.702	1.354	cluster1
TALONT000754995	TALONG000046225	ERV1-N4-I_DR	ERV1-N4-I_DR	LTR	0	0	0	0.552	3.882	46.543	201.131	652.557	1457.112	1158.763	3106.747	cluster1
TALONT001211777	TALONG000048081	EnSpm-2_DR	CMC-EnSpm	DNA	0	0	0	0	0	0	0	0.734	1.842	1.404	3.384	cluster1
TALONT001517523	TALONG000053873	Gypsy-14-I_DR	Gypsy	LTR	0	0	0	0	0	0	0	2.202	4.605	2.807	8.8	cluster1
TALONT000927734	ENSDARG00000095057	EnSpm-17_DR	CMC-EnSpm	DNA	0	0	0	0	0	2.45	17.695	40.372	69.079	49.832	129.279	cluster1
TALONT001674531	TALONG000048206	ERV1-N4-I_DR	ERV1-N4-I_DR	LTR	0	0	0	0	3.234	13.064	39.518	82.946	151.054	115.105	262.618	cluster1
TALONT000944750	TALONG000049100	Gypsy136-I_DR	Gypsy	LTR	0	0	0	0	0	0.817	0	5.872	10.132	9.124	18.952	cluster1
TALONT000898723	TALONG000037038	ERV1-N4-I_DR	ERV1-N4-I_DR	LTR	0	0	0	0	0.647	8.167	42.467	125.52	243.158	254.773	493.424	cluster1
TALONT000772277	TALONG000037688	ERV2_DR-I	ERV1	LTR	0	0	0	0	3.234	97.987	284.886	699.536	987.372	949.611	1908.043	cluster1
TALONT001196989	TALONG000048635	BHIKHARI-5-I_DR	ERV1	LTR	0	0	0	0	0	0.817	1.18	1.468	8.289	9.124	16.245	cluster1
TALONT001518765	TALONG000035212	Gypsy-18-LTR_DR	Gypsy	LTR	0	0	0	0	0	0	0	0	0.921	0.702	2.031	cluster1
TALONT001017154	ENSDARG00000095057	EnSpm-17_DR	CMC-EnSpm	DNA	0	0	0	0	0	0	1.18	0.734	5.526	4.211	10.83	cluster1
TALONT001352317	TALONG000047632	BHIKHARI_I	ERV1	LTR	0	0	0	0	0.647	2.45	5.309	5.872	50.658	43.517	100.851	cluster1
TALONT000880388	TALONG000048302	BHIKHARI-5-I_DR	ERV1	LTR	0	0	0	0	0.647	0.817	3.539	4.404	16.579	12.633	25.043	cluster1
TALONT001040998	ENSDARG00000093863	hAT-N127_DR	hAT-Charlie	DNA	0	0	0	0	0	0	0.59	0.734	3.684	2.807	6.092	cluster1
TALONT001058751	TALONG000050700	L2-1_DR	L2	LINE	0	0	0	0	0	0	2.359	2.936	13.816	10.528	21.659	cluster1
TALONT000910835	ENSDARG00000094668	EnSpm-5_DR	CMC-EnSpm	DNA	0	0	0	0	0	0.817	7.668	12.479	33.158	29.478	48.733	cluster1
TALONT001053101	TALONG000046245	Gypsy-184_DR-I	Gypsy	LTR	0	0	0	0	0	0	0.59	2.936	10.132	8.422	14.891	cluster1
TALONT001017139	ENSDARG00000095057	EnSpm-17_DR	CMC-EnSpm	DNA	0	0	0	0	0	0	1.18	1.468	1.842	0.702	5.415	cluster1
TALONT000833568	TALONG000048039	L1-39_DR	L1	LINE	0	0	0	0	1.294	2.45	8.258	11.011	17.5	9.125	33.166	cluster1
TALONT001130078	ENSDARG00000101497	L2-3_DRe	L2	LINE	0	0	2.673	0	0.647	0	2.949	3.67	6.447	3.509	16.244	cluster1
TALONT000813112	TALONG000047958	ERV1-N6-I_DR	ERV1	LTR	0	0	0	0	1.941	10.616	31.261	33.766	58.948	35.795	136.724	cluster1
TALONT001026208	ENSDARG00000094668	EnSpm-5_DR	CMC-EnSpm	DNA	0	0	0	0	0	0	0.59	0	0.921	0	2.031	cluster1
ENSDART00000140671	ENSDARG00000092963	EnSpmN1_DR	CMC-EnSpm	DNA	0	0	0	0	0	0	1.18	0.734	1.842	1.404	4.061	cluster1
TALONT001069813	TALONG000040698	ERV1-4_DR-I	ERV1	LTR	0	0	0	0	0	0	0.59	0	0.921	0.702	2.031	cluster1
TALONT001034450	TALONG000050388	Gypsy86-I_DR	Gypsy	LTR	0	0	0	0	0	0	1.18	0	2.763	1.404	3.384	cluster1
TALONT001063259	TALONG000050760	Tx1-20_DR	L1-Tx1	LINE	0	0	0	0	0	0	0.59	0	0.921	0.702	1.354	cluster1
TALONT000988189	TALONG000044258	BHIKHARI-5-I_DR	ERV1	LTR	0	0	0	0	0	4.084	4.129	4.404	7.368	9.124	15.568	cluster1
TALONT000843993	TALONG000048073	ERV1-N6-I_DR	ERV1	LTR	0	0	0	0	1.294	3.266	5.898	0	7.368	8.422	14.214	cluster1
TALONT001149424	ENSDARG00000060380	ERV1-N3-I_DR	ERV1	LTR	0	0	0	0	0	0	0.59	0	1.842	2.106	5.415	cluster1
TALONT001440090	ENSDARG00000102540	EnSpm-5_DR	CMC-EnSpm	DNA	0	0	0	0	0	0	0	0	0.921	1.404	3.384	cluster1
TALONT000966611	TALONG000049352	L2-1_DR	L2	LINE	0	0	0	0	0	1.633	0	0.734	3.684	4.211	13.537	cluster1
TALONT000492244	TALONG000046195	ERV1-N3B-LTR_DR	ERV1	LTR	0	0	0	0	0	2.45	2.359	2.936	10.132	9.124	27.074	cluster1
TALONT001121423	ENSDARG00000115573	BHIKHARI-5-I_DR	ERV1	LTR	0	0	0	0	0	0	1.18	2.936	9.211	8.422	24.367	cluster1
TALONT001247528	TALONG000047762	L2-1_DR	L2	LINE	0	0	0	0	0	0	0	1.468	3.684	3.509	12.183	cluster1
TALONT000569167	TALONG000040698	ERV1-4_DR-I	ERV1	LTR	0	0	0	0.552	0	0.817	8.847	2.936	15.658	15.441	60.24	cluster1
TALONT000613855	TALONG000046859	ERV1-N3B-LTR_DR	ERV1	LTR	0	0	0	0.552	0	4.083	15.925	22.021	46.974	47.726	196.964	cluster1
TALONT001001429	TALONG000049928	ERV1-N3-LTR_DR	ERV1	LTR	0	0	0	0	0	0.817	2.949	3.67	11.053	9.124	39.934	cluster1
TALONT001502290	ENSDARG00000035452	Gypsy100-I_DR	Gypsy	LTR	0	0	0	0	0	0	0	0	0.921	0.702	2.707	cluster1
TALONT001395865	ENSDARG00000095057	EnSpm-17_DR	CMC-EnSpm	DNA	0	0	0	0	0	0	0	0	0.921	0.702	2.707	cluster1
TALONT001532320	TALONG000039855	ERV1-N3B-LTR_DR	ERV1	LTR	0	0	0	0	0	0	0	0	2.763	2.807	10.83	cluster1
TALONT001132017	TALONG000051651	Gypsy80-I_DR	Gypsy	LTR	0	0	0	0	0	0	1.18	1.468	9.211	7.72	36.55	cluster1
TALONT001464966	ENSDARG00000101263	Copia-7-I_DR	Gypsy	LTR	0	0	0	0	0	0	0	0	0.921	0.702	3.384	cluster1
TALONT001404925	ENSDARG00000094668	EnSpm-5_DR	CMC-EnSpm	DNA	0	0	0	0	0	0	0	0	0.921	0.702	3.384	cluster1
TALONT000816852	TALONG000039463	BHIKHARI_I	ERV1	LTR	0	0	0	0	0.647	18.782	73.729	259.848	667.764	890.656	1918.196	cluster1
TALONT000971256	TALONG000049410	BHIKHARI_I	ERV1	LTR	0	0	0	0	0	7.349	26.543	149.009	373.949	451.293	1032.197	cluster1
TALONT001261888	ENSDARG00000102540	EnSpm-5_DR	CMC-EnSpm	DNA	0	0	0	0	0	0	0	0.734	1.842	2.807	5.415	cluster1
TALONT001247261	TALONG000053006	ERV1-N3B-LTR_DR	ERV1	LTR	0	0	0	0	0	0	0	4.404	12.895	15.441	31.811	cluster1
TALONT001117322	TALONG000046905	Gypsy147-I_DR	Gypsy	LTR	0	0	0	0	0	0	2.359	10.277	12.895	16.845	33.166	cluster1
TALONT000880880	TALONG000047290	ERV2_DR-I	ERV1	LTR	0	0	0	0.552	3.235	38.378	130.941	305.359	408.028	487.088	1011.216	cluster1
TALONT001352727	TALONG000049889	BHIKHARI_I	ERV1	LTR	0	0	0	0	0	0.817	7.079	43.308	65.395	97.559	166.505	cluster1
TALONT001218977	TALONG000052711	Gypsy136-I_DR	Gypsy	LTR	0	0	0	0	0	0	0	12.479	23.026	29.478	52.117	cluster1
TALONT001334734	ENSDARG00000060564	Gypsy13-I_DR	Gypsy	LTR	0	0	0	0	0	0	0	1.468	1.842	2.807	5.415	cluster1
TALONT001286633	TALONG000049303	Gypsy137-I_DR	Gypsy	LTR	0	0	0	0	0	0	0	2.936	4.605	6.317	14.214	cluster1
TALONT000988045	TALONG000049611	BHIKHARI_I	ERV1	LTR	0	0	0	0	0	3.267	16.515	91.02	156.579	214.066	431.154	cluster1
TALONT001069600	ENSDARG00000057899	BEL-59_DRe-I	Pao	LTR	0	0	0	0	0	0	0.59	1.468	0.921	1.404	6.092	cluster1
TALONT001153021	TALONG000044230	ERV2_DR-I	ERV1	LTR	0	0	0	0	0	4.084	37.159	96.893	54.341	101.769	292.4	cluster1
ENSDART00000153407	ENSDARG00000094456	ERV1-4_DR-I	ERV1	LTR	0	0	0	0	0.647	7.349	7.078	9.542	10.132	11.932	32.489	cluster1
TALONT000663500	TALONG000047243	ERV1-N6-I_DR	ERV1	LTR	0	0	0	0.552	0.647	19.597	27.132	38.17	41.448	36.496	124.541	cluster1
TALONT000808709	TALONG000047933	ERV1-N6-I_DR	ERV1	LTR	0	0	0	0	1.294	26.947	71.369	84.414	101.316	96.856	327.595	cluster1
TALONT001210905	ENSDARG00000095057	EnSpm-17_DR	CMC-EnSpm	DNA	0	0	0	0	0	0	0	0.734	0.921	0.702	2.707	cluster1
TALONT000945292	TALONG000040646	BHIKHARI_I	ERV1	LTR	0	0	0	0	0	6.532	8.257	27.159	41.447	47.726	138.754	cluster1
TALONT000568822	TALONG000046616	ERV2_DR-I	ERV1	LTR	0	0	0	0.552	0	31.029	96.142	284.071	407.107	431.641	1461.998	cluster1
TALONT000430166	TALONG000045806	ERV1-N4-I_DR	ERV1-N4-I_DR	LTR	0	0	0	0.552	0.647	50.627	271.319	874.97	1396.322	1664.099	3946.718	cluster1
TALONT001237171	TALONG000050547	BHIKHARI_I	ERV1	LTR	0	0	0	0	0	0	3.539	15.414	29.472	32.987	90.023	cluster1
TALONT000918070	ENSDARG00000020292	BHIKHARI_I	ERV1	LTR	0	0	0	0	0	3.266	11.207	13.947	17.5	25.267	67.685	cluster1
TALONT001151654	TALONG000051923	BHIKHARI-5-I_DR	ERV1	LTR	0	0	0	0	0	0	0.59	0.734	0.921	1.404	3.384	cluster1
TALONT000982240	TALONG000049505	Gypsy53-I_DR	Gypsy	LTR	0	0	0	0	0	0.817	1.18	2.202	4.605	7.019	17.598	cluster1
TALONT000561377	TALONG000037355	BHIKHARI_I	ERV1	LTR	0	0	0	0.552	3.881	23.682	166.921	422.07	471.58	1042.957	2183.519	cluster1
TALONT000798170	TALONG000047899	BHIKHARI_I	ERV1	LTR	0	0	0	0	1.941	13.065	61.342	292.88	474.344	894.163	1817.346	cluster1
TALONT001463149	TALONG000054802	EnSpm-16_DR	CMC-EnSpm	DNA	0	0	0	0	0	0	0	0	0.921	0	2.031	cluster2
TALONT001396910	ENSDARG00000117541	EnSpm-16_DR	CMC-EnSpm	DNA	0	0	0	0	0	0	0	0	0.921	0	2.031	cluster2
TALONT001464967	ENSDARG00000101263	Copia-7-I_DR	Gypsy	LTR	0	0	0	0	0	0	0	0	0.921	0	2.031	cluster2
TALONT001492023	ENSDARG00000102999	ERV2_DR-I	ERV1	LTR	0	0	0	0	0	0	0	0	0.921	0	2.031	cluster2
TALONT001495500	ENSDARG00000094523	EnSpm-N10_DR	CMC-EnSpm	DNA	0	0	0	0	0	0	0	0	0.921	0	2.031	cluster2
TALONT001395992	ENSDARG00000087592	ERV2_DR-I	ERV1	LTR	0	0	0	0	0	0	0	0	1.842	0.702	4.738	cluster2
TALONT001599957	TALONG000054616	Copia-7-I_DR	Gypsy	LTR	0	0	0	0	0	0	0	0	1.842	0.702	4.061	cluster2
ENSDART00000140332	ENSDARG00000077877	ERV1-4_DR-I	ERV1	LTR	0	0	0	0.552	0	15.515	24.183	19.085	29.474	14.037	102.881	cluster2
TALONT000922449	TALONG000048871	ERV1-N3B-LTR_DR	ERV1	LTR	0	0	0	0	0	1.633	1.18	2.202	3.684	0.702	10.83	cluster2
ENSDART00000144090	ENSDARG00000079036	ERV1-4_DR-I	ERV1	LTR	0	0	0	0	4.528	15.515	15.335	8.074	20.263	16.143	94.082	cluster2
TALONT001778714	TALONG000047552	ERV1-4_DR-I	ERV1	LTR	0	0	0	1.655	1.941	13.882	15.925	11.745	10.131	7.721	57.532	cluster2
TALONT001449738	TALONG000054690	Gypsy153-I_DR	Gypsy	LTR	0	0	0	0	0	0	0	0	0.921	0	3.384	cluster2
TALONT001528230	ENSDARG00000101215	Gypsy172-I_Dr	Gypsy	LTR	0	0	0	0	0	0	0	0	0.921	0	3.384	cluster2
TALONT001440085	ENSDARG00000102540	EnSpm-5_DR	CMC-EnSpm	DNA	0	0	0	0	0	0	0	0	0.921	0	3.384	cluster2
TALONT001335349	ENSDARG00000060380	ERV1-N3-I_DR	ERV1	LTR	0	0	0	0	0	0	0	0.734	1.842	0	12.183	cluster2
TALONT001056631	ENSDARG00000086457	ERV1-N3-I_DR	ERV1	LTR	0	0	0	0	0	0	1.18	4.404	6.447	3.509	36.55	cluster2
TALONT001177889	TALONG000052222	L2-1_DR	L2	LINE	0	0	0	0	0	0	1.18	0.734	3.684	1.404	10.153	cluster2
TALONT000498728	TALONG000046234	ERV1-4_DR-I	ERV1	LTR	0	0	0	0.552	2.587	27.763	43.647	40.372	90.264	42.813	363.469	cluster2
TALONT000953663	TALONG000049199	ERV1-N3-I_DR	ERV1	LTR	0	0	0	0	0	0.817	0	1.468	8.289	3.51	31.812	cluster2
TALONT001147809	TALONG000049912	ERV1-N3-I_DR	ERV1	LTR	0	0	0	0	0	0.817	3.539	5.872	14.737	7.019	54.149	cluster2
TALONT001804130	TALONG000059061	BHIKHARI-5-I_DR	ERV1	LTR	0	0	0	0	0	0	0	0	0	0	2.031	cluster2
TALONT001763672	TALONG000056155	Copia-7-I_DR	Gypsy	LTR	0	0	0	0	0	0	0	0	0	0	2.031	cluster2
TALONT001816784	TALONG000055781	EnSpm-17_DR	CMC-EnSpm	DNA	0	0	0	0	0	0	0	0	0	0	2.031	cluster2
TALONT001968352	TALONG000054185	L1-109_DR	L1	LINE	0	0	0	0	0	0	0	0	0	0	2.031	cluster2
TALONT001952923	TALONG000052401	Gypsy-194_DR-I	Gypsy	LTR	0	0	0	0	0	0	0	0	0	0	2.031	cluster2
TALONT001948478	TALONG000045941	DNA-2-14_DR	CMC-EnSpm	DNA	0	0	0	0	0	0	0	0	0	0	2.031	cluster2
TALONT001929249	TALONG000041885	BEL-39_DRe-I	Pao	LTR	0	0	0	0	0	0	0	0	0	0	2.031	cluster2
TALONT001775349	TALONG000034425	ERV1-3-I_DR	ERV1	LTR	0	0	0	0	0	0	0	0	0	0	2.031	cluster2
TALONT001770351	TALONG000033158	Tx1-7_DR	L1-Tx1	LINE	0	0	0	0	0	0	0	0	0	0	2.031	cluster2
TALONT001929820	ENSDARG00000089627	hAT-N127_DR	hAT-Charlie	DNA	0	0	0	0	0	0	0	0	0	0	2.031	cluster2
TALONT001983571	ENSDARG00000096688	EnSpm-N17_DR	TcMar	DNA	0	0	0	0	0	0	0	0	0	0	2.031	cluster2
TALONT001950926	ENSDARG00000101215	Gypsy172-I_Dr	Gypsy	LTR	0	0	0	0	0	0	0	0	0	0	2.031	cluster2
ENSDART00000158744	ENSDARG00000102848	DNA-X-16_DR	DNA-X-16_DR	DNA	0	0	0	0	0	0	0	0	0	0	2.031	cluster2
TALONT001767461	ENSDARG00000098653	EnSpm-9_DR	CMC-EnSpm	DNA	0	0	0	0	0	0	0	0	0	0	2.031	cluster2
TALONT001981466	TALONG000060316	DNA9TA1_DR	CMC-EnSpm	DNA	0	0	0	0	0	0	0	0	0	0	1.354	cluster2
TALONT001927608	TALONG000059913	DNA9TA1_DR	CMC-EnSpm	DNA	0	0	0	0	0	0	0	0	0	0	1.354	cluster2
TALONT001956057	TALONG000052442	DNA2-1_DR	CMC-EnSpm	DNA	0	0	0	0	0	0	0	0	0	0	1.354	cluster2
TALONT001923784	TALONG000050004	EnSpm-N13_DR	CMC-EnSpm	DNA	0	0	0	0	0	0	0	0	0	0	1.354	cluster2
TALONT001878475	TALONG000049204	EnSpm-4N2_DR	CMC-EnSpm	DNA	0	0	0	0	0	0	0	0	0	0	1.354	cluster2
TALONT001959741	TALONG000048713	ERV1-N3-I_DR	ERV1	LTR	0	0	0	0	0	0	0	0	0	0	1.354	cluster2
ENSDART00000185486	ENSDARG00000114583	Gypsy103-I_Dr	Gypsy	LTR	0	0	0	0	0	0	0	0	0	0	1.354	cluster2
TALONT001961211	TALONG000042630	EnSpm-18_DR	CMC-EnSpm	DNA	0	0	0	0	0	0	0	0	0	0	1.354	cluster2
TALONT001869871	TALONG000038336	Gypsy100-I_DR	Gypsy	LTR	0	0	0	0	0	0	0	0	0	0	2.707	cluster2
TALONT001778834	TALONG000035187	ERV1-4_DR-I	ERV1	LTR	0	0	0	0	0	0	0	0	0	0	28.428	cluster2
TALONT001950910	ENSDARG00000103545	ERV1-N3-I_DR	ERV1	LTR	0	0	0	0	0	0	0	0	0	0	3.384	cluster2
TALONT001815636	ENSDARG00000093630	hAT-N127_DR	hAT-Charlie	DNA	0	0	0	0	0	0	0	0	0	0	3.384	cluster2
TALONT001210953	ENSDARG00000095057	EnSpm-17_DR	CMC-EnSpm	DNA	0	0	0	0	0	0	0	0.734	0	0	4.061	cluster2
TALONT001093466	TALONG000051069	ERV1-3-I_DR	ERV1	LTR	0	0	0	0	0	0	0.59	0.734	0	0	4.738	cluster2
TALONT001182198	TALONG000052289	Gypsy-110_DR-I	Gypsy	LTR	0	0	0	0	0	0	0.59	0.734	0	0	7.445	cluster2
TALONT000999324	TALONG000049893	Gypsy99-I_DR	Gypsy	LTR	0	0	0	0	0	0.817	0	1.468	0	0.702	4.738	cluster2
TALONT001232353	TALONG000048880	EnSpm-18_DR	CMC-EnSpm	DNA	0	0	0	0	0	0	0	0.734	0	0	2.031	cluster2
TALONT001307126	TALONG000051359	EnSpm-16_DR	CMC-EnSpm	DNA	0	0	0	0	0	0	0	0.734	0	0	2.707	cluster2
TALONT001280217	ENSDARG00000087102	EnSpm-N10_DR	CMC-EnSpm	DNA	0	0	0	0	0	0	0	0.734	0	0	2.707	cluster2
TALONT001220854	ENSDARG00000007179	ERV1-N4-I_DR	ERV1-N4-I_DR	LTR	0	0	0	0	0	0	0	0.734	0	0	2.707	cluster2
TALONT001247436	ENSDARG00000109671	L2-1_DR	L2	LINE	0	0	0	0	0	0	0	0.734	0	0	2.707	cluster2
ENSDART00000103447	ENSDARG00000070465	hAT-24_DR	hAT-Ac	DNA	0	0	0	0	0	0.817	0	0	0	0	2.031	cluster2
TALONT000964007	TALONG000049301	ERV1-N3-I_DR	ERV1	LTR	0	0	0	0	0	0.817	0	0	0	0.702	3.384	cluster2
TALONT001647322	TALONG000040548	EnSpm-N17_DR	TcMar	DNA	0	0	0	0	0	0	0	0	0	0.702	2.707	cluster2
TALONT001620665	TALONG000049273	EnSpm-N17_DR	TcMar	DNA	0	0	0	0	0	0	0	0	0	0.702	2.707	cluster2
TALONT001414981	TALONG000054430	ERV1-N2-I_DR	ERV1-N2-I_DR	LTR	0	0	0	0	0	0	0	0	0.921	9.124	42.642	cluster2
TALONT001675688	TALONG000056286	L2-3_DRe	L2	LINE	0	0	0	0	0	0	0	0	0	0.702	3.384	cluster2
TALONT001702328	ENSDARG00000104574	BEL-52_DRe-I	Pao	LTR	0	0	0	0	0	0	0	0	0	0.702	4.061	cluster2
TALONT001566957	ENSDARG00000101669	ERV1-N3-I_DR	ERV1	LTR	0	0	0	0	0	0	0	0	0	0.702	5.415	cluster2
TALONT001030378	TALONG000048764	ERV1-N3-I_DR	ERV1	LTR	0	0	0	0	0	0.817	1.77	1.468	5.526	4.913	36.551	cluster2
TALONT000946284	TALONG000049130	ERV1-4_DR-I	ERV1	LTR	0	0	0	0	0	5.716	6.488	8.808	35.001	34.391	194.934	cluster2
TALONT001039427	TALONG000048871	ERV1-N3-I_DR	ERV1	LTR	0	0	0	0	0	0	1.769	4.404	10.132	16.143	61.593	cluster2
TALONT000789761	TALONG000044992	ERV1-N3-I_DR	ERV1	LTR	0	0	0	0	0.647	0	1.18	7.34	9.21	10.528	69.715	cluster2
TALONT000922450	TALONG000048871	ERV1-N3-I_DR	ERV1	LTR	0	0	0	0	0	1.633	4.719	11.011	10.132	16.143	87.991	cluster2
TALONT001443784	TALONG000048959	ERV1-N3-I_DR	ERV1	LTR	0	0	0	0	0	1.633	2.949	4.404	8.289	11.23	58.886	cluster2
TALONT001286552	TALONG000049301	ERV1-N3-I_DR	ERV1	LTR	0	0	0	0	0	0	0	1.468	1.842	3.509	17.598	cluster2
TALONT000964603	TALONG000046911	ERV1-N3-I_DR	ERV1	LTR	0	0	0	0.552	0	1.634	0	0.734	0	1.404	17.598	cluster2
TALONT001017239	TALONG000048931	BHIKHARI_I	ERV1	LTR	0	0	0	0	0	0	0.59	2.202	2.763	3.509	67.009	cluster2
TALONT001817472	TALONG000034096	ERV1-N3-I_DR	ERV1	LTR	0	0	0	0	0	0	4.129	5.138	8.289	18.954	144.17	cluster2
TALONT001234858	TALONG000047704	ERV1-N3-I_DR	ERV1	LTR	0	0	0	0	1.294	2.45	4.129	5.138	3.684	8.422	47.379	cluster2
TALONT001292123	ENSDARG00000089185	EnSpm-11_DR	CMC-EnSpm	DNA	0	0	0	0	0	0	0	0.734	0.921	0	2.707	cluster3
TALONT001250195	TALONG000049037	DNA9TA1_DR	TcMar-Tc1	DNA	0	0	0	0	0	0	0	0.734	0.921	0	2.031	cluster3
TALONT001210919	ENSDARG00000095057	EnSpm-17_DR	CMC-EnSpm	DNA	0	0	0	0	0	0	0	2.936	1.842	0	5.415	cluster3
TALONT001062348	TALONG000050747	ERV1-N4-I_DR	ERV1-N4-I_DR	LTR	0	0	0	0	0	0	0.59	1.468	0.921	0	4.061	cluster3
TALONT001119528	TALONG000051411	Gypsy52-LTR_DR	Gypsy	LTR	0	0	0	0	0	0	2.359	8.808	3.684	2.106	16.244	cluster3
TALONT001114294	ENSDARG00000089021	EnSpm-N10_DR	CMC-EnSpm	DNA	0	0	0	0	0	0	1.769	2.936	1.842	0.702	4.738	cluster3
TALONT001074451	ENSDARG00000011549	EnSpm-N17_DR	TcMar	DNA	0	0	0	0	0	0	0.59	0.734	0.921	0	2.031	cluster3
TALONT001186672	TALONG000042521	Gypsy13-I_DR	Gypsy	LTR	0	0	0	0	0	0	0.59	5.138	1.842	3.509	9.476	cluster3
TALONT001281390	TALONG000053251	Gypsy65-LTR_DR	Gypsy	LTR	0	0	0	0	0	0	0	2.202	0.921	1.404	4.061	cluster3
TALONT001001085	TALONG000049922	Tx1-8_DR	L1-Tx1	LINE	0	0	0	0	0	0.817	0.59	5.138	2.763	4.211	10.83	cluster3
TALONT001208120	TALONG000052550	CATCH1I_DR	Pao	LTR	0	0	0	0	0	0	0	1.468	0.921	1.404	3.384	cluster3
TALONT000743175	TALONG000044481	Gypsy37-I_DR	Gypsy	LTR	0	0	0	0	0.647	0.817	0.59	2.202	1.842	1.404	4.061	cluster3
TALONT001261884	ENSDARG00000102540	EnSpm-5_DR	CMC-EnSpm	DNA	0	0	0	0	0	0	0	1.468	0.921	0.702	2.707	cluster3
TALONT001249768	TALONG000035433	BHIKHARI_LTR	ERV1	LTR	0	0	0	0	0	0	0	2.202	1.842	0.702	4.738	cluster3
TALONT001035104	TALONG000048817	Gypsy-25-I_DR	Gypsy	LTR	0	0	0	0	0	0	3.539	9.542	6.447	7.019	23.69	cluster3
TALONT000966612	TALONG000049352	L2-1_DR	L2	LINE	0	0	0	0	0	3.266	8.847	19.085	16.579	14.739	39.934	cluster3
ENSDART00000189214	ENSDARG00000102540	EnSpm-5_DR	CMC-EnSpm	DNA	0	0	0	0	0.647	0	1.769	10.277	10.132	8.422	22.336	cluster3
TALONT000834096	TALONG000048044	L1-38_DR	L1	LINE	0	0	0	0	0.647	0	1.18	2.936	3.684	2.106	6.769	cluster3
TALONT001210947	ENSDARG00000099075	Gypsy6-I_DR	Gypsy	LTR	0	0	0	0	0	0	0	1.468	0	1.404	2.031	cluster3
TALONT000957871	ENSDARG00000109869	EnSpm-4N2_DR	CMC-EnSpm	DNA	0	0	0	0	0	0.817	1.769	5.138	0	4.211	6.092	cluster3
TALONT001017876	TALONG000048081	EnSpm-2_DR	CMC-EnSpm	DNA	0	0	0	0	0	0	0.59	2.936	0	2.106	3.384	cluster3
TALONT001204466	TALONG000052525	Gypsy-21-I_DR	Gypsy	LTR	0	0	0	0	0	0	1.769	7.34	0	4.913	7.445	cluster3
TALONT001210920	ENSDARG00000095057	EnSpm-17_DR	CMC-EnSpm	DNA	0	0	0	0	0	0	0	2.202	0	1.404	1.354	cluster3
TALONT001192490	TALONG000052378	L1-66_DR	L1	LINE	0	0	0	0	0	0	0.59	4.404	0	4.913	3.384	cluster3
TALONT000733353	ENSDARG00000070858	EnSpm-4N2_DR	CMC-EnSpm	DNA	0	0	0	0	0.647	0.817	2.949	8.808	4.605	4.211	8.122	cluster3
TALONT001133771	TALONG000051720	CATCH2I_DR	Pao	LTR	0	0	0	0	0	0	1.769	5.872	2.763	2.807	7.445	cluster3
TALONT001260028	ENSDARG00000112601	Gypsy69-I_DR	Gypsy	LTR	0	0	0	0	0	0	0	3.67	0.921	2.106	4.061	cluster3
TALONT001051277	TALONG000048721	BEL-56_DRe-I	Pao	LTR	0	0	0	0	0	0.817	1.18	5.138	0.921	2.808	6.092	cluster3
TALONT001183706	TALONG000048428	BEL-56_DRe-I	Pao	LTR	0	0	0	0	0	3.267	2.359	9.542	3.684	4.211	13.537	cluster3
ENSDART00000145926	ENSDARG00000116355	BEL27-LTR_DR	Pao	LTR	0	0	0	0	0	0	1.18	3.67	0.921	2.106	6.092	cluster3
TALONT000899543	TALONG000040606	Gypsy69-I_DR	Gypsy	LTR	0	0	0	0	0	0.817	2.359	5.138	0.921	3.509	7.445	cluster3
ENSDART00000142906	ENSDARG00000070490	EnSpm-N10_DR	CMC-EnSpm	DNA	0	0	0	0	0	0	0	0.734	0	0	1.354	cluster3
TALONT001247432	TALONG000053007	Tx1-16_DR	L1-Tx1	LINE	0	0	0	0	0	0	0	0.734	0	0	1.354	cluster3
TALONT001322302	TALONG000048097	DNA2-1_DR	CMC-EnSpm	DNA	0	0	0	0	0	0	0	2.936	0.921	0.702	3.384	cluster3
TALONT001053877	ENSDARG00000099409	ERV1-N4-I_DR	ERV1-N4-I_DR	LTR	0	0	0	0	0	0	0.59	2.936	0.921	0.702	3.384	cluster3
TALONT001130734	TALONG000051582	Copia5-I_DR	Copia	LTR	0	0	0	0	0	0	1.18	4.404	1.842	0.702	6.092	cluster3
TALONT001220958	ENSDARG00000094668	EnSpm-5_DR	CMC-EnSpm	DNA	0	0	0	0	0	0	0	2.202	0.921	0	2.031	cluster3
TALONT001372330	TALONG000052344	EnSpm-N10_DR	CMC-EnSpm	DNA	0	0	0	0	0	0	0	1.468	0	0	1.354	cluster3
ENSDART00000158200	ENSDARG00000103841	Tx1-5_DR	L1-Tx1	LINE	0	0	0	0	0	0	2.359	3.67	0.921	2.807	8.799	cluster3
TALONT001026067	ENSDARG00000007179	ERV1-N4-I_DR	ERV1-N4-I_DR	LTR	0	0	0	0	0	0	0.59	0.734	0	0.702	2.031	cluster3
TALONT001081903	ENSDARG00000056831	BEL-54_DRe-I	Pao	LTR	0	0	0	0	0	0	0.59	0.734	0	0.702	2.031	cluster3
ENSDART00000157543	ENSDARG00000102917	DNA-X-16_DR	DNA-X-16_DR	DNA	0	0	0	0	0	0	1.18	0.734	0	0	1.354	cluster3
TALONT001275776	TALONG000050944	DNA9TA1_DR	CMC-EnSpm	DNA	0	0	0	0	0	0	1.18	1.468	0	0.702	2.707	cluster3
TALONT001149425	ENSDARG00000060380	ERV1-N3-I_DR	ERV1	LTR	0	0	0	0	0	0	1.18	0.734	0	0	2.707	cluster3
TALONT001132552	TALONG000047243	ERV1-N6-I_DR	ERV1	LTR	0	0	0	0	0	0	2.949	2.202	0	1.404	6.769	cluster3
TALONT001143145	ENSDARG00000096911	Gypsy-26-I_DR	Gypsy	LTR	0	0	0	0	0	0	0.59	0	0	0	2.031	cluster3
ENSDART00000186877	ENSDARG00000113243	Gypsy-28B-I_DR	Gypsy	LTR	0	0	0	0	0	0	0.59	0	0	0	1.354	cluster3
TALONT001186934	ENSDARG00000086504	EnSpm-N10_DR	CMC-EnSpm	DNA	0	0	0	0	0	0	1.18	0	0	0	2.031	cluster3
TALONT000536760	TALONG000046443	L2-2_DRe	L2	LINE	0	0	0	1.103	0.647	8.982	9.437	6.606	6.447	11.932	18.952	cluster3
TALONT000953935	TALONG000049200	DNA-8-11_DR	hAT-Ac	DNA	0	0	0	0	0	1.633	2.359	0.734	0.921	1.404	3.384	cluster3
TALONT001130192	TALONG000047153	EnSpm-16_DR	CMC-EnSpm	DNA	0	0	0	0	0	0	1.18	0	0	0.702	1.354	cluster3
TALONT001166289	TALONG000038504	L1-35_DR	L1	LINE	0	0	0	0	0	0	0.59	0	0	0.702	2.031	cluster3
TALONT001156927	TALONG000051978	Gypsy158-I_DR	Gypsy	LTR	0	0	0	0	0	0	0.59	0	0	0.702	1.354	cluster3
TALONT000920054	TALONG000038671	BEL15-I_DR	Pao	LTR	0	0	0	0	0	4.083	3.539	4.404	6.447	0	7.446	cluster3
TALONT000335626	TALONG000044642	EnSpm-N13_DR	CMC-EnSpm	DNA	0	0	2.673	0	0	0.817	0.59	0.734	0.921	0	1.354	cluster3
TALONT000844936	ENSDARG00000075996	ERV1-4_DR-I	ERV1	LTR	0	0	0	0	0.647	21.231	24.773	18.351	22.105	13.335	39.257	cluster3
TALONT000766812	TALONG000047555	DNA2-8_DR	CMC-EnSpm	DNA	0	0	0	0	0.647	4.083	3.539	2.936	5.526	0.702	9.476	cluster3
TALONT000906199	TALONG000048681	Rex1-31_DRe	Rex-Babar	LINE	0	0	0	0	0	0.817	1.18	0.734	0.921	0	2.031	cluster3
ENSDART00000154111	ENSDARG00000097873	ERV1-7_DR-I	ERV1	LTR	0	0	0	0	0	2.45	2.359	3.67	0.921	1.404	3.384	cluster3
TALONT000988548	TALONG000049651	Copia3-I_DR	Copia	LTR	0	0	0	0	0	2.45	1.18	2.202	0	0	2.707	cluster3
TALONT000883122	ENSDARG00000104574	BEL-52_DRe-I	Pao	LTR	0	0	0	0	0	3.266	7.078	11.745	5.526	7.019	8.799	cluster3
TALONT000663038	TALONG000047156	ERV2_DR-I	ERV1	LTR	0	0	0	1.655	4.528	43.278	141.558	160.02	160.264	87.731	136.047	cluster3
TALONT000981945	TALONG000047291	ERV2_DR-I	ERV1	LTR	0	0	0	2.207	9.703	259.668	519.637	647.418	478.028	301.098	543.513	cluster3
TALONT001008938	ENSDARG00000114184	EnSpm-4N2_DR	CMC-EnSpm	DNA	0	0	0	0	0	1.633	2.949	2.936	0.921	2.807	3.384	cluster3
TALONT000481075	TALONG000046133	L2-2_DRe	L2	LINE	0	0	0	3.862	5.821	26.13	34.799	27.893	17.5	31.583	23.013	cluster3
TALONT001062996	TALONG000050756	DNA2-1_DR	CMC-EnSpm	DNA	0	0	0	0	0	0	1.769	2.936	0	2.807	0.677	cluster4
TALONT001047424	ENSDARG00000075806	Gypsy50-I_DR	Gypsy	LTR	0	0	0	0	0	0	1.18	2.936	0	1.404	0	cluster4
TALONT000879718	TALONG000048242	L2-2_DRe	L2	LINE	0	0	0	0	1.941	0.817	2.949	5.872	0	4.211	0.677	cluster4
TALONT000887301	ENSDARG00000028878	ERV2_DR-I	ERV1	LTR	0	0	0	0	0	1.633	0	5.138	1.842	4.211	0	cluster4
TALONT001331208	TALONG000032649	L2-1_DR	L2	LINE	0	0	0	0	0	0	0	4.404	0.921	2.807	1.354	cluster4
TALONT001307206	TALONG000051363	EnSpm-N17_DR	TcMar	DNA	0	0	0	0	0	0	0	3.67	0	2.807	0.677	cluster4
TALONT001253331	TALONG000046312	EnSpm-16_DR	CMC-EnSpm	DNA	0	0	0	0	0	0	0	1.468	0	0.702	0	cluster4
TALONT001356674	TALONG000047787	EnSpm-2_DR	CMC-EnSpm	DNA	0	0	0	0	0	0	0	3.67	0	2.106	0	cluster4
TALONT001095631	ENSDARG00000006169	Gypsy-26-I_DR	Gypsy	LTR	0	0	0	0	0	0	0.59	2.936	0	2.106	0	cluster4
TALONT001021815	TALONG000050197	L1-82_DR	L1	LINE	0	0	0	0	0	0	0.59	3.67	0	2.106	0	cluster4
TALONT000766810	TALONG000047554	Kolobok-1_DR	Kolobok-T2	DNA	0	0	0	0	1.294	1.633	4.129	10.277	6.447	4.913	2.031	cluster4
TALONT000728905	TALONG000047637	Copia-7-I_DR	Gypsy	LTR	0	0	0	0	0.647	1.633	2.949	5.872	3.684	2.807	2.031	cluster4
TALONT000750703	ENSDARG00000114805	Kolobok-1_DR	Kolobok-T2	DNA	0	0	0	0	1.941	1.633	7.078	11.011	6.447	2.807	1.354	cluster4
TALONT001100004	ENSDARG00000037553	Gypsy69-I_DR	Gypsy	LTR	0	0	0	0	0	0	2.359	7.34	2.763	2.106	1.354	cluster4
TALONT000999961	TALONG000049901	Gypsy94-I_DR	Gypsy	LTR	0	0	0	0	0	0.817	2.949	5.872	2.763	1.404	1.354	cluster4
TALONT001299924	TALONG000047972	Gypsy152B-I_DR	Gypsy	LTR	0	0	0	0	0.647	0.817	4.129	17.617	10.132	0	0.677	cluster4
TALONT000997782	ENSDARG00000013500	EnSpm-3_DR	CMC-EnSpm	DNA	0	0	0	0	0	0.817	1.18	8.808	4.605	2.106	0.677	cluster4
TALONT000991857	ENSDARG00000105085	Kolobok-1_DR	Kolobok-T2	DNA	0	0	0	0	0	0.817	0.59	4.404	2.763	0.702	0.677	cluster4
TALONT001343365	TALONG000053815	DNA-1-1_DR	PIF-Harbinger	DNA	0	0	0	0	0	0	0	1.468	0.921	0	0.677	cluster4
TALONT001265252	TALONG000047824	EnSpm-2_DR	CMC-EnSpm	DNA	0	0	0	0	0	0	0	6.606	4.605	3.509	2.031	cluster4
TALONT001020850	TALONG000050187	Gypsy7-I_DR	Gypsy	LTR	0	0	0	0	0	0	1.18	4.404	2.763	2.106	2.031	cluster4
ENSDART00000189307	ENSDARG00000112403	Kolobok-1_DR	Kolobok-T2	DNA	0	0	0	0	0	0.817	0	1.468	0	0	0	cluster4
ENSDART00000193890	ENSDARG00000114030	L1-5_DR	L1-Tx1	LINE	0	0	0	0	0	0	0	0.734	0	0	0	cluster4
TALONT001250191	TALONG000049037	DNA9TA1_DR	TcMar-Tc1	DNA	0	0	0	0	0	0	0	2.202	0	0	0	cluster4
TALONT001146524	TALONG000032911	DNA-5-4_DR	DNA-5-4_DR	DNA	0	0	0	0	0	0	0.59	2.202	0	0.702	0.677	cluster4
TALONT001110972	TALONG000051302	Gypsy-15-I_DR	Gypsy	LTR	0	0	0	0	0	0	2.359	13.946	1.842	5.615	3.384	cluster4
TALONT001389030	TALONG000054179	BHIKHARI-5-I_DR	ERV1	LTR	0	0	0	0	0	0	0	2.936	0.921	1.404	2.031	cluster4
TALONT001033545	TALONG000050363	Gypsy71-I_DR	Gypsy	LTR	0	0	0	0	0	0	1.18	5.872	0.921	1.404	2.708	cluster4
TALONT001376121	TALONG000054068	L2-1_DR	L2	LINE	0	0	0	0	0	0	0	2.936	0.921	0.702	1.354	cluster4
TALONT001312816	TALONG000040548	EnSpm-N17_DR	TcMar	DNA	0	0	0	0	0	0	0	2.202	0	0.702	1.354	cluster4
TALONT001377689	TALONG000048585	BEL8-I_DR	Pao	LTR	0	0	0	0	0	0	0	2.936	0	0.702	2.031	cluster4
TALONT001270667	TALONG000053165	DNA-2-1_DR	DNA-2-1_DR	DNA	0	0	0	0	0	0	0	2.936	0	0.702	2.031	cluster4
TALONT001092959	TALONG000037868	DNA-1-1_DR	PIF-Harbinger	DNA	0	0	0	0	0	0	0.59	2.202	0	0	1.354	cluster4
TALONT001356658	TALONG000047787	EnSpm-2_DR	CMC-EnSpm	DNA	0	0	0	0	0	0	0	1.468	0	0	0.677	cluster4
TALONT001293239	TALONG000053362	Copia-7-I_DR	Gypsy	LTR	0	0	0	0	0	0	0	1.468	0	0	0.677	cluster4
ENSDART00000151996	ENSDARG00000096484	EnSpm-N13_DR	CMC-EnSpm	DNA	0	0	0	0	0	2.45	3.539	0	0.921	1.404	2.707	cluster5
TALONT000885875	ENSDARG00000081431	KenoDr1	L1-Tx1	LINE	0	0	0	0	0	2.45	1.769	0	0	0	1.354	cluster5
TALONT000729565	TALONG000047640	L2-2_DRe	L2	LINE	0	0	0	0	1.294	5.716	4.129	0.734	0.921	1.404	0	cluster5
TALONT000500331	TALONG000046249	L2-2_DRe	L2	LINE	0	0	0	0.552	1.294	12.248	6.488	2.936	0	4.212	0	cluster5
TALONT000937295	TALONG000046523	Kolobok-4_DR	Kolobok-T2	DNA	0	0	0	0	0	3.266	1.769	0.734	0	0.702	0	cluster5
TALONT000805681	TALONG000045204	Tx1-4_DR	L1-Tx1	LINE	0	0	0	0	0.647	2.45	2.949	0.734	0	0	0	cluster5
TALONT000694677	TALONG000047462	L2-2_DRe	L2	LINE	0	0	0	0.552	0.647	1.633	1.769	0	0	0	0	cluster5
TALONT000679715	TALONG000047383	L2-2_DRe	L2	LINE	0	0	0	1.655	9.056	12.248	7.668	4.404	6.447	2.807	1.354	cluster5
TALONT000696950	ENSDARG00000097873	ERV1-7_DR-I	ERV1	LTR	0	0	0	0.552	1.294	8.982	5.308	3.67	5.526	0.702	2.707	cluster5
TALONT000863283	ENSDARG00000035650	L2-2_DRe	L2	LINE	0	0	0	0	0.647	8.166	2.949	1.468	2.763	1.404	0	cluster5
TALONT001003178	TALONG000049937	KenoDr1	L1-Tx1	LINE	0	0	0	0	0	4.899	1.18	0.734	1.842	0.702	0	cluster5
TALONT000493850	ENSDARG00000027676	Harbinger-6_DR	PIF-Harbinger	DNA	0	0	0	3.862	2.587	4.899	0	0	0	0.702	0	cluster5
TALONT000918430	ENSDARG00000115153	Kolobok-1_DR	Kolobok-T2	DNA	0	0	0	0	0	3.266	0.59	0	0	0.702	0	cluster5
TALONT000431354	TALONG000045817	SINE2-3_DR	tRNA-V-RTE	SINE	0	0	0	0.552	0	1.633	0	0	0	0.702	0	cluster5
TALONT000885196	TALONG000048381	hAT-N76_DR	CMC-EnSpm	DNA	0	0	0	0	0	1.633	0	1.468	0	0.702	0.677	cluster5
TALONT000988867	TALONG000049669	BHIKHARI-5-I_DR	ERV1	LTR	0	0	0	0	0	2.45	0.59	1.468	0.921	0.702	0.677	cluster5
TALONT000881837	TALONG000048335	L2-2_DRe	L2	LINE	0	0	0	0	0	2.45	0	0	0	0.702	1.354	cluster5
TALONT000979182	TALONG000049479	Gypsy55-I_DR	Gypsy	LTR	0	0	0	0	0	3.266	0	0	1.842	0	1.354	cluster5
ENSDART00000064221	ENSDARG00000113320	EnSpm-4N2_DR	CMC-EnSpm	DNA	0	0	0	0	0.647	0	0	0	0	0	0	cluster5
TALONT000728645	TALONG000047462	L2-2_DRe	L2	LINE	0	0	0	0	3.234	1.633	4.719	0	0	0	0	cluster5
TALONT000493531	ENSDARG00000094668	EnSpm-5_DR	CMC-EnSpm	DNA	0	0	0	0	5.822	0	4.129	1.468	0.921	1.404	0.677	cluster5
TALONT000828301	ENSDARG00000027676	Harbinger-6_DR	PIF-Harbinger	DNA	0	0	0	0	1.941	0	1.769	0	0	0.702	0.677	cluster5
TALONT001143139	ENSDARG00000096911	Gypsy-26-I_DR	Gypsy	LTR	0	0	0	0	0	0	1.769	0.734	0.921	0.702	0	cluster5
TALONT001204147	TALONG000052514	Gypsy92-I_DR	Gypsy	LTR	0	0	0	0	0	0	1.769	0.734	0.921	1.404	0	cluster5
TALONT000765298	ENSDARG00000115153	Kolobok-1_DR	Kolobok-T2	DNA	0	0	0	0	1.941	0	5.308	3.67	1.842	2.106	0.677	cluster5
TALONT001034414	TALONG000050383	Gypsy106-LTR_DR	Gypsy	LTR	0	0	0	0	0	0	1.769	1.468	0.921	0.702	0	cluster5
TALONT001200091	ENSDARG00000068100	BEL8-I_DR	Pao	LTR	0	0	0	0	0	0	1.769	0	0	1.404	0.677	cluster5
TALONT001133750	ENSDARG00000102839	Kolobok-1_DR	Kolobok-T2	DNA	0	0	0	0	0	0	1.769	0	0	0.702	0	cluster5
TALONT000605984	TALONG000046807	DNA-8-13_DR	hAT-Tip100	DNA	0	0	0	0.552	0	0	2.359	0.734	0	1.404	0	cluster5
TALONT001132128	TALONG000051656	Gypsy-30-I_DR	Gypsy	LTR	0	0	0	0	0	0	2.359	0	0.921	0.702	1.354	cluster5
TALONT000918071	ENSDARG00000020292	BHIKHARI_I	ERV1	LTR	0	0	0	0	0	1.633	4.719	1.468	1.842	2.807	2.031	cluster5
TALONT001094804	TALONG000033899	Gypsy-31-I_DR	Gypsy	LTR	0	0	0	0	0	0	3.539	1.468	1.842	2.106	1.354	cluster5
TALONT000936146	ENSDARG00000059360	Gypsy132-I_DR	Gypsy	LTR	0	0	0	0	0	0.817	1.769	0	0.921	0	0	cluster5
TALONT000493942	TALONG000046207	Gypsy53-I_DR	Gypsy	LTR	0	0	0	0.552	0	1.633	5.308	0	2.763	0.702	0	cluster5
TALONT000965358	TALONG000048121	L2-2_DRe	L2	LINE	0	0	0	0	0	1.633	5.308	0.734	0.921	0.702	1.354	cluster5
TALONT001008579	TALONG000043021	EnSpm-N13_DR	CMC-EnSpm	DNA	0	0	0	0	0	0.817	2.359	0	0	0.702	0	cluster5
TALONT000919682	TALONG000046282	L2-2_DRe	L2	LINE	0	0	0	0	0	3.266	7.078	1.468	0	1.404	0.677	cluster5
TALONT000937305	TALONG000046523	Kolobok-4_DR	Kolobok-T2	DNA	0	0	0	0	0	0.817	1.769	0	0	0	0	cluster5
TALONT000799690	TALONG000047903	REX1-1_DR	Rex-Babar	LINE	0	0	0	0	0.647	4.899	12.976	6.606	2.763	4.211	1.354	cluster5
TALONT001008216	ENSDARG00000103900	REX1-2_DR	Rex-Babar	LINE	0	0	0	0	0	0.817	2.359	0.734	0.921	0	0	cluster5
TALONT000906896	TALONG000046152	L2-2_DRe	L2	LINE	0	0	0	0	0	2.45	4.719	1.468	0.921	0.702	0	cluster5
TALONT000871488	TALONG000047396	Rex1-40_DRe	Rex-Babar	LINE	0	0	0	0	3.234	8.982	17.105	5.872	1.842	0.702	0.677	cluster5
TALONT001185957	ENSDARG00000114805	Kolobok-1_DR	Kolobok-T2	DNA	0	0	0	0	0	0	1.769	0	0	0	0	cluster5
ENSDART00000162033	ENSDARG00000100065	L1-94_DR	L1	LINE	0	0	0	0	0	0	0.59	0	0	0	0	cluster5
TALONT001168220	ENSDARG00000103900	REX1-2_DR	Rex-Babar	LINE	0	0	0	0	0	0	2.949	0.734	0	0.702	0	cluster5
TALONT001076056	ENSDARG00000076702	Gypsy-24-I_DR	Gypsy	LTR	0	0	0	0	0	0	2.949	0.734	0	0	0	cluster5
TALONT000938884	ENSDARG00000105974	Kolobok-1_DR	Kolobok-T2	DNA	0	0	0	0	0	0.817	2.359	0.734	0	0	1.354	cluster5
TALONT001152840	TALONG000049947	ERV1-N6-I_DR	ERV1	LTR	0	0	0	0	0	0	2.359	0	0	0	0.677	cluster5
ENSDART00000134400	ENSDARG00000093518	EnSpm-14N1_DR	CMC-EnSpm	DNA	0	0	0	0	0	0	1.769	0	0	0	0.677	cluster5
TALONT001156877	TALONG000048202	EnSpm-N3B_DR	CMC-EnSpm	DNA	0	0	0	0	0	0	1.769	0	0	0	0.677	cluster5
TALONT000991858	ENSDARG00000105085	Kolobok-1_DR	Kolobok-T2	DNA	0	0	0	0	0	5.716	4.719	7.34	2.763	4.913	2.031	cluster5
TALONT000871484	ENSDARG00000105085	Kolobok-1_DR	Kolobok-T2	DNA	0	0	0	0	0.647	6.532	5.898	7.34	2.763	3.509	1.354	cluster5
TALONT000446113	TALONG000045918	L2-2_DRe	L2	LINE	0	0	0	1.655	7.115	42.461	39.518	41.84	20.263	22.46	13.537	cluster5
ENSDART00000147751	ENSDARG00000095051	Kolobok-1_DR	Kolobok-T2	DNA	0	0	0	0.552	0	4.899	2.949	5.872	1.842	1.404	0.677	cluster5
TALONT000881848	TALONG000045786	L2-2_DRe	L2	LINE	0	0	0	0	0	4.083	2.359	2.936	0	0.702	0	cluster5
TALONT000990540	ENSDARG00000093381	ERV2_DR-I	ERV1	LTR	0	0	0	0	0	7.349	9.437	16.149	2.763	7.72	1.354	cluster5
TALONT001008045	TALONG000047787	EnSpm-2_DR	CMC-EnSpm	DNA	0	0	0	0	0	0.817	0.59	1.468	0	0.702	0	cluster5
TALONT000529074	ENSDARG00000077650	L2-2_DRe	L2	LINE	0	0	0	0.552	0.647	2.45	2.949	2.936	0	1.404	0.677	cluster5
TALONT000915151	TALONG000048785	Gypsy35-I_DR	Gypsy	LTR	0	0	0	0	0	0.817	1.769	1.468	0	0.702	0	cluster5
TALONT001030467	TALONG000033370	DNA-2-1_DR	DNA-2-1_DR	DNA	0	0	0	0	0	0	1.18	2.202	0	0.702	0.677	cluster5
TALONT001017140	ENSDARG00000095057	EnSpm-17_DR	CMC-EnSpm	DNA	0	0	0	0	0	0	2.359	3.67	0	2.106	1.354	cluster5
TALONT000663296	TALONG000047199	Gypsy69-I_DR	Gypsy	LTR	0	0	0	1.655	0.647	1.633	10.027	13.213	0.921	7.019	6.092	cluster5
TALONT000439679	TALONG000039926	L2-2_DRe	L2	LINE	0	0	0	3.861	9.056	39.195	82.575	107.903	34.079	58.254	31.135	cluster5
TALONT000519220	TALONG000038818	REX1-1_DR	Rex-Babar	LINE	0	0	0	0.552	0	0.817	4.129	5.138	1.842	2.807	2.031	cluster5
TALONT001040467	TALONG000046372	Gypsy-34-I_DR	Gypsy	LTR	0	0	0	0	0	0	3.539	3.67	1.842	1.404	1.354	cluster5
TALONT000808641	ENSDARG00000105974	Kolobok-1_DR	Kolobok-T2	DNA	0	0	0	0	0.647	0	1.769	1.468	0	0	0	cluster5
TALONT000529073	ENSDARG00000077650	L2-2_DRe	L2	LINE	0	0	0	0.552	0	0	1.769	1.468	0	0	0	cluster5
TALONT000989464	TALONG000049731	Harbinger-2_DR	PIF-Harbinger	DNA	0	0	0	0	0	0.817	5.308	4.404	0	1.404	0.677	cluster5
TALONT001182444	TALONG000048342	hAT-N76_DR	CMC-EnSpm	DNA	0	0	0	0	0	0	0.59	1.468	0	0	0	cluster5
TALONT001182436	TALONG000052293	Gypsy-31-I_DR	Gypsy	LTR	0	0	0	0	0	0	0.59	1.468	0	0	0	cluster5
TALONT000681266	ENSDARG00000105085	Kolobok-1_DR	Kolobok-T2	DNA	0	0	0	0.552	0	1.633	2.359	4.404	0.921	0	0.677	cluster5
TALONT000590905	TALONG000046725	ERV2_DR-I	ERV1	LTR	0	0	0	0.552	0	6.532	11.797	13.947	1.842	2.106	2.031	cluster5
TALONT000811123	ENSDARG00000112403	Kolobok-1_DR	Kolobok-T2	DNA	0	0	0	0	0.647	0.817	1.769	1.468	0.921	0	0	cluster5
TALONT000795820	TALONG000047891	Harbinger3N_DR	PIF-Harbinger	DNA	0	0	0	0	0.647	8.982	11.207	8.808	1.842	0	0	cluster5
TALONT000605596	TALONG000046803	DNA-8-13_DR	hAT-Tip100	DNA	0	0	0	0.552	0.647	4.899	6.488	5.138	2.763	0.702	0	cluster5
TALONT000681268	TALONG000047396	Rex1-40_DRe	Rex-Babar	LINE	0	0	0	2.207	0	13.882	19.464	13.213	6.447	4.211	0	cluster5
TALONT000553711	ENSDARG00000105974	Kolobok-1_DR	Kolobok-T2	DNA	0	0	0	0.552	3.234	9.799	18.285	12.479	7.368	4.913	0	cluster5
TALONT000499758	TALONG000046243	ERV2_DR-I	ERV1	LTR	0	0	0	0.552	1.294	4.083	8.258	5.138	2.763	0.702	0	cluster5
TALONT000677847	ENSDARG00000093381	ERV2_DR-I	ERV1	LTR	0	0	0	1.103	1.294	16.331	31.261	25.691	11.053	4.913	3.384	cluster5
TALONT000468844	TALONG000040707	ERV2_DR-I	ERV1	LTR	0	0	0	0.552	10.35	64.509	116.195	100.563	51.579	32.285	12.183	cluster5
TALONT000695122	TALONG000047469	ERV2_DR-I	ERV1	LTR	0	0	0	1.103	1.941	40.828	62.522	41.84	30.395	9.826	9.476	cluster5
TALONT000688330	ENSDARG00000113654	Kolobok-1_DR	Kolobok-T2	DNA	0	0	0	0.552	1.294	9.799	14.746	10.277	5.526	2.807	2.031	cluster5
TALONT000694761	TALONG000047463	ERV2_DR-I	ERV1	LTR	0	0	0	1.103	2.587	26.13	46.006	30.83	19.342	6.317	2.707	cluster5
TALONT000850375	ENSDARG00000003820	L2-2_DRe	L2	LINE	0	0	0	0	0.647	4.899	6.488	2.202	2.763	1.404	0	cluster5
TALONT000964064	TALONG000048116	ERV2_DR-I	ERV1	LTR	0	0	0	0	0	4.899	5.898	2.936	3.684	2.106	1.354	cluster5
TALONT000793367	ENSDARG00000114574	Kolobok-1_DR	Kolobok-T2	DNA	0	0	0	0	1.941	7.349	7.078	5.138	4.605	1.404	0.677	cluster5
TALONT000803327	TALONG000047915	ERV2_DR-I	ERV1	LTR	0	0	0	0	0.647	3.266	3.539	2.202	0.921	1.404	0	cluster5
ENSDART00000140601	ENSDARG00000094387	Kolobok-1_DR	Kolobok-T2	DNA	0	0	0	0	0	1.633	2.359	1.468	1.842	0	0.677	cluster5
TALONT000712353	TALONG000038649	ERV2_DR-I	ERV1	LTR	0	0	0	0	0	6.532	10.027	6.606	5.526	2.106	6.092	cluster5
TALONT000573405	TALONG000046634	L2-2_DRe	L2	LINE	0	0	0	1.655	5.822	23.681	24.182	15.415	13.816	5.615	14.891	cluster5
TALONT000989271	TALONG000049713	ERV2_DR-I	ERV1	LTR	0	0	0	0	0	0.817	1.769	1.468	0.921	0.702	0.677	cluster5
TALONT001067073	TALONG000048885	Gypsy77-I_DR	Gypsy	LTR	0	0	0	0	0	2.45	18.284	14.681	13.816	7.721	5.415	cluster5
TALONT001011651	TALONG000050038	DNA-2-1_DR	CMC-EnSpm	DNA	0	0	0	0	0	0.817	2.949	2.202	1.842	1.404	1.354	cluster5
TALONT000879964	TALONG000036336	ERV2_DR-I	ERV1	LTR	0	0	0	0	0.647	13.882	28.901	27.159	25.79	9.826	3.384	cluster5
TALONT000765886	TALONG000038649	ERV2_DR-I	ERV1	LTR	0	0	0	0	3.881	26.947	47.186	36.702	32.237	12.633	8.799	cluster5
TALONT001181044	TALONG000045849	ERV2_DR-I	ERV1	LTR	0	0	0	1.103	0.647	35.112	60.162	52.851	49.737	10.528	10.153	cluster5
ENSDART00000188717	ENSDARG00000112601	Gypsy69-I_DR	Gypsy	LTR	0	0	0	0	0	0.817	2.949	2.936	1.842	0	0	cluster5
TALONT000948914	TALONG000049160	Harbinger-5_DR	PIF-Harbinger	DNA	0	0	0	0	0	0.817	4.129	2.936	2.763	0.702	0	cluster5
ENSDART00000140693	ENSDARG00000093284	Harbinger-5_DR	PIF-Harbinger	DNA	0	0	0	0	0	4.083	7.078	7.34	3.684	2.807	1.354	cluster5
TALONT000596347	ENSDARG00000112403	Kolobok-1_DR	Kolobok-T2	DNA	0	0	0	1.103	3.234	11.432	19.464	22.021	13.816	10.528	2.031	cluster5
TALONT000880459	TALONG000047255	Kolobok-1_DR	Kolobok-T2	DNA	0	0	0	2.207	5.175	24.497	49.546	61.658	35	28.777	11.507	cluster5
ENSDART00000160772	ENSDARG00000105085	Kolobok-1_DR	Kolobok-T2	DNA	0	0	0	1.103	2.587	31.029	35.979	38.17	35.921	22.459	9.476	cluster5
TALONT000663041	TALONG000047158	ERV2_DR-I	ERV1	LTR	0	0	0	0	3.234	21.231	42.467	57.989	48.816	29.478	10.153	cluster5
TALONT001144203	ENSDARG00000013500	EnSpm-16_DR	CMC-EnSpm	DNA	0	0	0	0	0	0	2.359	1.468	4.605	0.702	1.354	cluster5
TALONT001101614	TALONG000051209	DNA-2-1_DR	CMC-EnSpm	DNA	0	0	0	0	0	0	1.769	0.734	1.842	0.702	0.677	cluster5
TALONT001062192	ENSDARG00000100869	BHIKHARI-3-LTR_DR	ERV1	LTR	0	0	0	0	0	0	10.027	11.744	11.974	4.913	4.738	cluster5
TALONT000608983	TALONG000046840	ERV2_DR-I	ERV1	LTR	0	0	0	1.104	6.469	111.053	195.822	173.232	241.318	79.309	100.174	cluster5
ENSDART00000158222	ENSDARG00000102839	Kolobok-1_DR	Kolobok-T2	DNA	0	0	0	0	7.115	9.799	24.773	24.223	29.474	21.758	2.707	cluster5
TALONT000990148	TALONG000049768	Gypsy-117-I_DR	Gypsy	LTR	0	0	0	0	0	2.45	6.488	8.074	7.368	7.019	0	cluster5
TALONT000607326	TALONG000046823	DIRS-N2_DR	Ngaro	LTR	0	0	0	0.552	0	1.633	1.18	1.468	2.763	1.404	0.677	cluster5
TALONT000764859	TALONG000047787	EnSpm-2_DR	CMC-EnSpm	DNA	0	0	0	0	0.647	11.432	12.976	23.489	29.474	14.739	5.415	cluster5
TALONT000845497	TALONG000048081	EnSpm-2_DR	CMC-EnSpm	DNA	0	0	0	0	0.647	0	0	0	0	2.807	0.677	cluster6
TALONT001578114	TALONG000055699	Gypsy40-I_DR	Gypsy	LTR	0	0	0	0	0	0	0	0	0	2.106	0.677	cluster6
TALONT001707048	TALONG000054083	DNA-2-1_DR	DNA-2-1_DR	DNA	0	0	0	0	0	0	0	0	0	2.106	0.677	cluster6
TALONT001697116	ENSDARG00000076330	Gypsy132-I_DR	Gypsy	LTR	0	0	0	0	0	0	0	0	0	2.106	0.677	cluster6
TALONT001646624	TALONG000046959	ERV1-I_DR	ERV1	LTR	0	0	0	0	0	0	0	0	0	2.106	0.677	cluster6
TALONT001577232	TALONG000055691	Rex1-20_DRe	Rex-Babar	LINE	0	0	0	0	0	0	0	0	0	1.404	0	cluster6
TALONT001688128	TALONG000047787	EnSpm-2_DR	CMC-EnSpm	DNA	0	0	0	0	0	0	0	0	0	1.404	0	cluster6
TALONT001698180	ENSDARG00000042128	Copia2-I_DR	Gypsy	LTR	0	0	0	0	0	0	0	0	0	2.106	0	cluster6
TALONT001577437	ENSDARG00000077650	L2-2_DRe	L2	LINE	0	0	0	0	0	0	0	0	0	2.106	0	cluster6
TALONT001490657	ENSDARG00000098519	Dada-tL_DR	Dada	DNA	0	0	0	0	0	0	0	0	0.921	2.807	0	cluster6
TALONT001471481	ENSDARG00000103424	EnSpm1_DR	CMC-EnSpm	DNA	0	0	0	0	0	0	0	0	0.921	3.509	0.677	cluster6
TALONT001415422	ENSDARG00000093863	hAT-N127_DR	hAT-Charlie	DNA	0	0	0	0	0	0	0	0	0.921	5.615	0.677	cluster6
TALONT001052424	ENSDARG00000116389	BEL27-I_DR	Pao	LTR	0	0	0	0	0	0	0.59	2.202	0.921	4.913	0.677	cluster6
TALONT001048611	TALONG000043205	BEL30-I_DR	Pao	LTR	0	0	0	0	0	0	0.59	2.202	1.842	6.317	1.354	cluster6
ENSDART00000102656	ENSDARG00000070126	EnSpm-N10_DR	CMC-EnSpm	DNA	0	0	0	0	0	0	0	0.734	0	2.106	0.677	cluster6
TALONT001371175	ENSDARG00000104574	BEL-52_DRe-I	Pao	LTR	0	0	0	0	0	0	0	1.468	0	2.807	0.677	cluster6
TALONT001210907	ENSDARG00000095057	EnSpm-17_DR	CMC-EnSpm	DNA	0	0	0	0	0	0	0	0.734	0	2.106	0	cluster6
TALONT001268547	ENSDARG00000076702	Gypsy-24-I_DR	Gypsy	LTR	0	0	0	0	0	0	0	1.468	0	9.124	1.354	cluster6
TALONT000917911	TALONG000048817	Gypsy-25-I_DR	Gypsy	LTR	0	0	0	0	0	0.817	5.308	7.34	1.842	15.441	6.769	cluster6
TALONT001132121	TALONG000049683	BHIKHARI_LTR	ERV1	LTR	0	0	0	0	0	0	0.59	0.734	0	2.106	0.677	cluster6
TALONT001260019	TALONG000047805	BHIKHARI-5-I_DR	ERV1	LTR	0	0	0	0	0.647	0.817	3.539	2.936	1.842	6.317	2.708	cluster6
TALONT001132382	TALONG000051676	Rex1-31_DRe	Rex-Babar	LINE	0	0	0	0	0	0	2.359	1.468	0.921	4.211	0.677	cluster6
TALONT000712817	TALONG000047554	Kolobok-1_DR	Kolobok-T2	DNA	0	0	0	0.552	0.647	1.633	3.539	0	0.921	4.211	1.354	cluster6
TALONT000964070	TALONG000049307	Gypsy-211_DR-I	Gypsy	LTR	0	0	0	0	0	0.817	1.18	0	0	2.106	0	cluster6
TALONT000844931	ENSDARG00000095057	EnSpm-17_DR	CMC-EnSpm	DNA	0	0	0	0	2.587	0	0	1.468	0.921	4.211	1.354	cluster6
TALONT000787049	ENSDARG00000056831	BEL-54_DRe-I	Pao	LTR	0	0	0	0	10.349	3.266	11.207	5.138	11.053	15.441	5.415	cluster6
TALONT001439999	TALONG000040648	BHIKHARI-5-I_DR	ERV1	LTR	0	0	0	0	0	0	0	0	0.921	3.509	3.384	cluster6
TALONT000900629	TALONG000048591	Gypsy160-I_DR	Gypsy	LTR	0	0	0	0	0	0.817	0.59	0.734	1.842	5.615	5.415	cluster6
TALONT001430766	TALONG000035664	BELPADRE_I	Pao	LTR	0	0	0	0	0	0	0	0	0.921	2.106	2.031	cluster6
TALONT001221484	ENSDARG00000009493	BEL-52_DRe-I	Pao	LTR	0	0	0	0	0	0	0	1.468	2.763	7.019	6.769	cluster6
TALONT001132295	TALONG000051669	Gypsy116-I_DR	Gypsy	LTR	0	0	0	0	0	0	0.59	2.202	6.447	15.441	14.214	cluster6
TALONT000967497	TALONG000049360	BEL-52_DRe-I	Pao	LTR	0	0	0	0	0	1.633	0	0.734	0.921	4.913	4.738	cluster6
TALONT001667700	TALONG000056238	Gypsy65-I_DR	Gypsy	LTR	0	0	0	0	0	0	0	0	0	3.51	3.385	cluster6
ENSDART00000136012	ENSDARG00000095139	EnSpm-N17_DR	TcMar	DNA	0	0	0	0	0	0	0.59	0.734	1.842	4.913	3.384	cluster6
TALONT001553080	TALONG000050090	Gypsy54-I_DR	Gypsy	LTR	0	0	0	0	0	0	0.59	0	0.921	3.51	2.708	cluster6
TALONT001430029	TALONG000049037	DNA9TA1_DR	TcMar-Tc1	DNA	0	0	0	0	0	0	0	0	0.921	3.509	2.031	cluster6
TALONT001091925	TALONG000049283	BEL17-I_DR	Pao	LTR	0	0	0	0	0	0	1.18	0	3.684	15.441	10.153	cluster6
TALONT001498570	TALONG000049466	Gypsy81-I_Dr	Gypsy	LTR	0	0	0	0	0	0	0	0	0.921	3.509	1.354	cluster6
TALONT001576285	ENSDARG00000116400	EnSpm-4N2_DR	CMC-EnSpm	DNA	0	0	0	0	0	0	0	0	0	2.807	1.354	cluster6
TALONT001320972	TALONG000049560	BHIKHARI-5-I_DR	ERV1	LTR	0	0	0	0	0	0	0	0.734	0.921	6.317	3.384	cluster6
TALONT000992637	TALONG000049826	ERV1-N3B-LTR_DR	ERV1	LTR	0	0	0	0	0	0.817	0.59	0	0	2.106	1.354	cluster6
TALONT001563042	TALONG000038135	ERV1-N3-I_DR	ERV1	LTR	0	0	0	0	0	0	0	0	0	2.106	1.354	cluster6
TALONT001702322	ENSDARG00000104574	BEL-52_DRe-I	Pao	LTR	0	0	0	0	0	0	0	0	0	2.106	1.354	cluster6
TALONT001686286	ENSDARG00000036090	BHIKHARI_I	ERV1	LTR	0	0	0	0	0	0	0	0	0	2.106	1.354	cluster6
TALONT001173353	TALONG000052194	Gypsy42-I_DR	Gypsy	LTR	0	0	0	0	0	0	1.769	1.468	0.921	5.615	4.738	cluster6
ENSDART00000135596	ENSDARG00000094844	BEL-59_DRe-I	Pao	LTR	0	0	0	0	0	0.817	5.308	10.277	11.053	25.267	18.275	cluster6
TALONT000991882	TALONG000049802	Gypsy106-I_DR	Gypsy	LTR	0	0	0	0	0	0.817	2.359	5.138	5.526	12.633	10.153	cluster6
TALONT000969636	TALONG000040548	EnSpm-N17_DR	TcMar	DNA	0	0	0	0	0	0.817	4.719	5.872	7.368	18.95	18.275	cluster6
TALONT001026072	TALONG000044346	BEL3-I_DR	Pao	LTR	0	0	0	0	0.647	0.817	7.667	11.01	13.816	39.304	30.458	cluster6
TALONT000964076	TALONG000049310	Gypsy-171_DR-I	Gypsy	LTR	0	0	0	0	0	0.817	4.718	8.808	8.289	23.863	20.306	cluster6
TALONT000988374	TALONG000049641	BHIKHARI-5-LTR_DR	ERV1	LTR	0	0	0	0	0	0.817	0.59	2.202	3.684	9.124	4.738	cluster6
TALONT001032672	TALONG000038261	BEL25-I_DR	Pao	LTR	0	0	0	0	0	0	1.18	5.138	5.526	17.546	10.153	cluster6
TALONT000859347	TALONG000048146	BHIKHARI-5-I_DR	ERV1	LTR	0	0	0	0	1.294	8.166	12.976	35.968	44.211	98.962	69.038	cluster6
TALONT000990145	TALONG000049767	BEL-54_DRe-I	Pao	LTR	0	0	0	0	0	2.45	1.18	5.872	6.447	16.844	10.83	cluster6
TALONT000972899	TALONG000049424	BEL2-I_DR	Pao	LTR	0	0	0	0	0	0.817	1.18	0.734	2.763	5.615	3.384	cluster6
ENSDART00000163719	ENSDARG00000098657	BEL-59_DRe-I	Pao	LTR	0	0	0	0	0	0	4.129	4.404	8.29	18.248	9.476	cluster6
TALONT001131535	TALONG000051628	L1-2_DR	L1-Tx1	LINE	0	0	0	0	0	0	0.59	0.734	0.921	2.106	1.354	cluster6
TALONT001272407	ENSDARG00000104540	BEL27-I_DR	Pao	LTR	0	0	0	0	0	0	0	8.074	4.605	11.932	7.445	cluster6
TALONT000881835	TALONG000048334	Gypsy117-I_DR	Gypsy	LTR	0	0	0	0	0	1.633	4.719	22.755	18.421	35.093	23.69	cluster6
TALONT000888756	TALONG000048449	REX1-7_DR	Rex-Babar	LINE	0	0	0	0	0	1.633	5.308	14.681	3.684	24.565	22.336	cluster6
TALONT000917511	TALONG000048813	Gypsy117-I_DR	Gypsy	LTR	0	0	0	0	0	6.532	25.362	71.201	25.789	90.54	87.314	cluster6
TALONT000914022	TALONG000035598	Gypsy-23-I_DR	Gypsy	LTR	0	0	0	0	0	1.633	0.59	2.936	2.763	5.615	4.738	cluster6
TALONT001502238	TALONG000051883	Gypsy6-I_DR	Gypsy	LTR	0	0	0	0	0	0	0	2.202	1.842	4.914	4.739	cluster6
TALONT000958081	TALONG000049253	Gypsy117-I_DR	Gypsy	LTR	0	0	0	0	0	2.45	4.719	29.361	14.737	43.515	37.904	cluster6
TALONT000844482	ENSDARG00000088650	BEL-26_DR-I	Pao	LTR	0	0	0	0	0.647	0	13.566	33.766	23.947	60.36	54.148	cluster6
TALONT001177263	TALONG000039215	BEL25-I_DR	Pao	LTR	0	0	0	0	0	0.817	3.539	13.946	9.21	26.671	23.013	cluster6
TALONT000864486	TALONG000048174	IS4EU-2_DR	PIF-ISL2EU	DNA	0	0	0	0	0.647	0.817	2.949	3.67	4.605	5.615	4.738	cluster6
TALONT000944654	TALONG000040595	REX1-7_DR	Rex-Babar	LINE	0	0	0	0	0	4.083	18.874	31.564	35	49.832	39.934	cluster6
TALONT000937104	TALONG000049013	Gypsy-34-I_DR	Gypsy	LTR	0	0	0	0	0	0.817	2.949	5.138	5.526	9.826	6.769	cluster6
TALONT000776031	TALONG000039140	BEL15-I_DR	Pao	LTR	0	0	0	0	0.647	4.9	28.901	42.573	25.788	55.447	28.427	cluster6
TALONT001765839	TALONG000049435	Gypsy4-LTR_DR	Gypsy	LTR	0	0	0	0	0	2.45	14.746	38.904	24.869	46.322	25.72	cluster6
TALONT000972655	TALONG000034857	BEL-59_DRe-I	Pao	LTR	0	0	0	0	0	1.634	4.128	5.872	2.763	9.826	6.769	cluster6
TALONT001179074	ENSDARG00000115249	BEL27-I_DR	Pao	LTR	0	0	0	0	0	0	4.129	6.606	3.684	11.932	6.092	cluster6
TALONT000976700	TALONG000049452	Gypsy51-I_DR	Gypsy	LTR	0	0	0	0	0	0.817	4.719	8.074	7.368	15.441	8.122	cluster6
TALONT000986610	TALONG000049552	BEL2-I_DR	Pao	LTR	0	0	0	0	0	3.266	12.976	19.085	15.658	36.496	6.092	cluster6
TALONT001072533	TALONG000047824	EnSpm-2_DR	CMC-EnSpm	DNA	0	0	0	0	0	0	1.18	1.468	1.842	3.509	0.677	cluster6
TALONT000979158	TALONG000048221	Gypsy132-I_DR	Gypsy	LTR	0	0	0	0	0	0.817	9.437	14.681	15.658	30.882	8.799	cluster6
TALONT001196856	TALONG000048625	BHIKHARI_LTR	ERV1	LTR	0	0	0	0	0	0	0.59	1.468	1.842	3.509	1.354	cluster6
TALONT001307208	TALONG000051363	EnSpm-N17_DR	TcMar	DNA	0	0	0	0	0	0	0	0.734	0.921	1.404	0.677	cluster6
TALONT001209509	TALONG000050052	Gypsy91-I_DR	Gypsy	LTR	0	0	0	0	0	0	0	2.936	2.763	5.615	2.031	cluster6
TALONT000788893	TALONG000047866	Gypsy94-I_DR	Gypsy	LTR	0	0	0	0	1.294	0	2.359	11.011	13.816	24.565	11.506	cluster6
TALONT001488004	TALONG000053573	Rex1-31_DRe	Rex-Babar	LINE	0	0	0	0	0	0	0	1.468	1.842	3.509	1.354	cluster6
TALONT001018454	ENSDARG00000092708	Gypsy51-I_DR	Gypsy	LTR	0	0	0	0	0	0	0.59	1.468	1.842	2.106	0.677	cluster6
TALONT001072507	TALONG000047824	EnSpm-2_DR	CMC-EnSpm	DNA	0	0	0	0	0	0	0.59	2.202	1.842	3.509	1.354	cluster6
TALONT001067392	TALONG000050814	BEL20-I_DR	Pao	LTR	0	0	0	0	0	0	2.36	10.277	11.053	14.739	7.446	cluster6
TALONT000987572	ENSDARG00000101497	L2-3_DRe	L2	LINE	0	0	0	0	0	0.817	1.18	0.734	2.763	4.913	2.031	cluster6
TALONT000957868	ENSDARG00000109869	EnSpm-4N2_DR	CMC-EnSpm	DNA	0	0	0	0	0	0.817	1.18	0.734	1.842	2.807	1.354	cluster6
TALONT001119112	TALONG000035400	BHIKHARI_I	ERV1	LTR	0	0	0	0	0	0	1.18	2.936	10.132	16.845	2.031	cluster6
ENSDART00000155176	ENSDARG00000090708	EnSpm-N10_DR	CMC-EnSpm	DNA	0	0	0	0	0	0	0.59	0.734	3.684	4.211	2.031	cluster6
TALONT001417434	TALONG000047884	BHIKHARI_I	ERV1	LTR	0	0	0	0	0	0	0	0	1.842	2.106	0.677	cluster6
TALONT000892181	TALONG000048491	DNA9TA1_DR	CMC-EnSpm	DNA	0	0	0	0	0	0.817	0	0	1.842	2.807	2.031	cluster6
TALONT000987341	TALONG000049560	BHIKHARI-5-I_DR	ERV1	LTR	0	0	0	0	0	0.817	0	0.734	1.842	2.807	2.031	cluster6
TALONT001352071	TALONG000053871	EnSpm-N17_DR	TcMar	DNA	0	0	0	0	0	0	0	0.734	1.842	2.106	1.354	cluster6
TALONT000990149	TALONG000049769	Gypsy106-I_DR	Gypsy	LTR	0	0	0	0	0	0.817	2.359	4.404	9.211	12.633	9.476	cluster6
TALONT001017167	ENSDARG00000095057	EnSpm-17_DR	CMC-EnSpm	DNA	0	0	0	0	0	0	0.59	1.468	2.763	3.509	2.707	cluster6
TALONT001156587	TALONG000041874	EnSpm-N17_DR	TcMar	DNA	0	0	0	0	0	0	0.59	1.468	2.763	3.509	2.707	cluster6
TALONT001375751	TALONG000042630	EnSpm-18_DR	CMC-EnSpm	DNA	0	0	0	0	0	0	0	0.734	1.842	3.509	2.031	cluster6
TALONT000977674	TALONG000049454	BEL36-I_DR	Pao	LTR	0	0	0	0	0	2.45	5.898	19.819	32.237	57.553	41.288	cluster6
TALONT001272412	ENSDARG00000104540	BEL27-I_DR	Pao	LTR	0	0	0	0	0	0	0	1.468	1.842	3.509	2.031	cluster6
TALONT001212414	TALONG000048664	Gypsy-117-I_DR	Gypsy	LTR	0	0	0	0	0	0	0	2.936	4.605	6.317	4.061	cluster6
TALONT000968218	TALONG000049377	Gypsy87-I_DR	Gypsy	LTR	0	0	0	0	0	0.817	2.949	20.554	27.632	40.708	32.488	cluster6
TALONT000585296	TALONG000046693	Gypsy151-I_DR	Gypsy	LTR	0	0	0	1.103	1.941	8.166	15.925	16.149	18.421	17.546	15.568	cluster7
TALONT001044703	ENSDARG00000092578	BEL-26_DR-I	Pao	LTR	0	0	0	0	0	0.817	2.359	2.202	3.684	2.807	2.707	cluster7
TALONT000899792	TALONG000048578	BHIKHARI_I	ERV1	LTR	0	0	0	0	0	3.266	8.258	6.606	11.974	11.23	8.799	cluster7
TALONT000961712	TALONG000049276	BEL27-I_DR	Pao	LTR	0	0	0	0	0	0.817	3.539	5.138	5.526	7.019	2.708	cluster7
TALONT000966277	TALONG000040283	Gypsy132-I_DR	Gypsy	LTR	0	0	0	0	0	0.817	7.078	8.808	9.211	12.633	7.445	cluster7
TALONT000932006	TALONG000048961	BEL20-I_DR	Pao	LTR	0	0	0	0	0	6.534	22.413	25.691	25.789	30.181	16.922	cluster7
TALONT000871485	ENSDARG00000105085	Kolobok-1_DR	Kolobok-T2	DNA	0	0	0	0	0.647	0	1.769	1.468	2.763	2.807	1.354	cluster7
TALONT001180870	TALONG000052256	BEL-49_DRe-I	Pao	LTR	0	0	0	0	0	0	7.078	4.404	6.447	8.422	2.708	cluster7
TALONT000741832	TALONG000047696	Gypsy-26-I_DR	Gypsy	LTR	0	0	0	0	0.647	1.633	14.156	31.563	26.71	33.689	11.507	cluster7
TALONT001053179	TALONG000050653	EnSpm-3_DR	CMC-EnSpm	DNA	0	0	0	0	0	0	1.77	3.67	2.763	3.509	1.354	cluster7
TALONT001131475	TALONG000047199	Gypsy69-I_DR	Gypsy	LTR	0	0	0	0	0	0	4.719	9.542	4.605	8.422	4.738	cluster7
TALONT000928277	TALONG000048081	EnSpm-2_DR	CMC-EnSpm	DNA	0	0	0	0	0	4.083	11.207	27.893	18.421	22.459	12.86	cluster7
TALONT000928644	TALONG000047824	EnSpm-2_DR	CMC-EnSpm	DNA	0	0	0	0	0	2.45	18.285	48.446	45.132	34.391	21.659	cluster7
TALONT000837694	TALONG000032420	ERV2_DR-I	ERV1	LTR	0	0	0	0	1.294	5.716	22.413	32.298	27.632	22.459	15.568	cluster7
TALONT000928637	TALONG000047824	EnSpm-2_DR	CMC-EnSpm	DNA	0	0	0	0	0	7.349	21.234	33.032	35.921	29.478	17.598	cluster7
TALONT000418748	ENSDARG00000095057	EnSpm-17_DR	CMC-EnSpm	DNA	0	0	2.673	0.552	5.175	1.633	5.898	12.479	19.342	14.739	8.799	cluster7
TALONT001050252	TALONG000046466	EnSpm-2_DR	CMC-EnSpm	DNA	0	0	0	0.552	3.235	53.896	122.095	219.475	324.208	233.019	138.081	cluster7
TALONT001202699	TALONG000052477	DNA-2-1_DR	DNA-2-1_DR	DNA	0	0	0	0	0	0	1.18	2.202	2.763	2.106	0.677	cluster7
TALONT001112172	ENSDARG00000042677	EnSpm-2_DR	CMC-EnSpm	DNA	0	0	0	0	0	0	0.59	4.404	5.526	2.807	4.061	cluster7
TALONT001286835	TALONG000051138	P-1_DR	P	DNA	0	0	0	0	0	0	0	2.936	3.684	2.106	2.031	cluster7
TALONT001368658	TALONG000054010	REX1-8_DR	Rex-Babar	LINE	0	0	0	0	0	0	0	1.468	1.842	1.404	1.354	cluster7
TALONT000923254	ENSDARG00000112601	Gypsy69-I_DR	Gypsy	LTR	0	0	0	0	0	0.817	0.59	8.074	10.132	7.72	4.738	cluster7
TALONT001008042	TALONG000047787	EnSpm-2_DR	CMC-EnSpm	DNA	0	0	0	0	0	0.817	5.308	17.617	23.947	14.739	9.476	cluster7
TALONT001130665	TALONG000051572	Gypsy10-I_DR	Gypsy	LTR	0	0	0	0	0	0	0.59	2.202	2.763	1.404	1.354	cluster7
TALONT001148132	TALONG000051872	Gypsy-15-I_DR	Gypsy	LTR	0	0	0	0	0	0	9.437	29.361	37.763	24.565	22.336	cluster7
TALONT000437621	TALONG000045847	KenoDr1	L1-Tx1	LINE	0	0	0	6.068	10.996	40.828	39.518	41.106	69.079	35.795	50.087	cluster7
TALONT000502797	TALONG000038226	ERV2_DR-I	ERV1	LTR	0	0	0	3.31	4.528	164.946	312.607	468.315	600.529	319.345	557.726	cluster7
TALONT000932491	TALONG000046462	ERV2_DR-I	ERV1	LTR	0	0	0	3.31	7.762	112.686	179.895	278.934	361.055	157.917	259.234	cluster7
TALONT001130664	TALONG000051571	Gypsy10-I_DR	Gypsy	LTR	0	0	0	0	0	0	1.18	2.202	3.684	1.404	2.031	cluster7
TALONT001180948	TALONG000036135	ERV2_DR-I	ERV1	LTR	0	0	0	0	0	0	4.129	9.542	13.816	5.615	4.738	cluster7
TALONT001313732	TALONG000049503	EnSpm-N10_DR	CMC-EnSpm	DNA	0	0	0	0	0	0	2.949	7.34	11.974	5.615	4.738	cluster7
TALONT000730057	TALONG000032924	Tx1-14_DR	L1-Tx1	LINE	0	0	0	0	0.647	0	1.769	5.872	12.895	2.106	5.415	cluster7
TALONT001152843	TALONG000049947	ERV1-N6-I_DR	ERV1	LTR	0	0	0	0	0	0	1.769	3.67	5.526	0.702	4.061	cluster7
TALONT000954969	TALONG000049210	ERV2_DR-I	ERV1	LTR	0	0	0	0	0	15.515	15.925	29.361	26.711	32.285	30.458	cluster7
TALONT000428198	ENSDARG00000113320	EnSpm-4N2_DR	CMC-EnSpm	DNA	0	0	0	0	0	0.817	1.18	2.936	1.842	2.807	3.384	cluster7
TALONT000915558	TALONG000048790	CATCH2I_DR	Pao	LTR	0	0	0	0	0	2.45	1.77	7.34	4.605	8.422	10.153	cluster7
TALONT000850154	TALONG000048105	Tx1-5_DR	L1-Tx1	LINE	0	0	0	0	0.647	0	0.59	3.67	2.763	2.807	3.384	cluster7
TALONT000887300	ENSDARG00000028878	ERV2_DR-I	ERV1	LTR	0	0	0	0	0	0.817	8.258	28.627	21.184	25.267	29.781	cluster7
TALONT000887796	TALONG000048426	Gypsy-15-I_DR	Gypsy	LTR	0	0	0	0	0	1.634	11.796	55.787	28.553	37.9	52.794	cluster7
TALONT000917563	ENSDARG00000096688	EnSpm-N17_DR	TcMar	DNA	0	0	0	0	0	0.817	2.359	5.138	4.605	4.211	4.061	cluster7
TALONT001017433	TALONG000032537	L1-66_DR	L1	LINE	0	0	0	0	0	0	1.18	3.67	3.684	3.509	2.707	cluster7
TALONT001149554	TALONG000051895	Gypsy-15-I_DR	Gypsy	LTR	0	0	0	0	0	0	3.539	32.298	30.395	35.093	37.903	cluster7
TALONT000443940	TALONG000045899	ERV1-I_DR	ERV1	LTR	0	0	0	0.552	1.294	60.425	228.263	684.121	934.872	922.941	890.062	cluster7
TALONT000885837	TALONG000048396	Copia-7-I_DR	Gypsy	LTR	0	0	0	0	0	1.633	3.539	9.542	9.211	11.932	10.153	cluster7
TALONT000917201	TALONG000041522	L1-11_DR	L1	LINE	0	0	0	0	0	4.083	7.078	18.351	20.263	11.932	27.751	cluster7
TALONT000923313	TALONG000048884	Gypsy12-I_DR	Gypsy	LTR	0	0	0	0	0	2.45	7.078	18.351	18.421	14.037	23.69	cluster7
TALONT001252145	TALONG000046550	ERV2_DR-I	ERV1	LTR	0	0	0	1.655	6.468	115.136	282.527	445.559	585.792	339.698	868.399	cluster7
TALONT000880324	ENSDARG00000097713	ERV2_DR-I	ERV1	LTR	0	0	0	0	1.294	52.263	114.427	309.761	371.183	304.609	621.35	cluster7
TALONT001093146	TALONG000051054	Gypsy-21-I_DR	Gypsy	LTR	0	0	0	0	0	0	5.898	16.149	16.579	13.335	29.105	cluster7
TALONT001052416	ENSDARG00000116389	BEL27-I_DR	Pao	LTR	0	0	0	0	0	0	0.59	2.936	5.526	2.106	4.061	cluster7
TALONT001026201	ENSDARG00000094668	EnSpm-5_DR	CMC-EnSpm	DNA	0	0	0	0	0	0	1.18	3.67	6.447	2.807	6.092	cluster7
TALONT001502033	TALONG000047293	ERV2_DR-I	ERV1	LTR	0	0	0	1.656	5.175	44.912	158.663	334.72	531.449	317.942	575.325	cluster7
TALONT001193324	TALONG000052386	Gypsy81-I_Dr	Gypsy	LTR	0	0	0	0	0	0	1.18	4.404	3.684	1.404	3.384	cluster7
TALONT001132040	TALONG000042345	Gypsy-15-I_DR	Gypsy	LTR	0	0	0	0	0	0	0.59	7.34	6.447	3.509	7.445	cluster7
TALONT001160263	TALONG000049841	Gypsy-24-I_DR	Gypsy	LTR	0	0	0	0	0	0	2.949	9.542	9.21	4.913	10.153	cluster7
TALONT001482115	TALONG000046959	ERV1-I_DR	ERV1	LTR	0	0	0	0	0	0	0	0	2.763	0	0	cluster8
TALONT001431591	TALONG000035722	DNA-2-1_DR	CMC-EnSpm	DNA	0	0	0	0	0	0	0	0	2.763	0	0	cluster8
TALONT001491421	ENSDARG00000107425	EnSpm-2_DR	CMC-EnSpm	DNA	0	0	0	0	0	0	0	0	2.763	0	0	cluster8
TALONT001451508	TALONG000032343	BEL-43_DRe-I	Pao	LTR	0	0	0	0	0	0	0	0	2.763	0	0	cluster8
TALONT001517311	TALONG000047787	EnSpm-2_DR	CMC-EnSpm	DNA	0	0	0	0	0	0	0	0	1.842	0	0	cluster8
TALONT001529574	TALONG000048342	hAT-N76_DR	CMC-EnSpm	DNA	0	0	0	0	0	0	0	0	1.842	0	0	cluster8
TALONT000762669	TALONG000047779	ERV1-4_DR-I	ERV1	LTR	0	0	0	0	1.941	9.799	5.308	4.404	22.105	7.72	7.445	cluster8
TALONT000889854	ENSDARG00000090975	EnSpm-N10_DR	CMC-EnSpm	DNA	0	0	0	0	0	0.817	1.769	0	7.368	1.404	0.677	cluster8
TALONT001026209	ENSDARG00000094668	EnSpm-5_DR	CMC-EnSpm	DNA	0	0	0	0	0	0	1.18	0	3.684	0	0.677	cluster8
TALONT000712818	TALONG000047555	DNA2-8_DR	CMC-EnSpm	DNA	0	0	0	0.552	0.647	3.266	2.359	2.202	4.605	0	1.354	cluster8
TALONT000521331	ENSDARG00000115153	Kolobok-1_DR	Kolobok-T2	DNA	0	0	0	0.552	1.294	5.716	7.668	4.404	11.974	4.211	1.354	cluster8
TALONT000918437	ENSDARG00000115153	Kolobok-1_DR	Kolobok-T2	DNA	0	0	0	0	0	1.633	1.769	0	4.605	0	0	cluster8
TALONT001157035	ENSDARG00000105085	Kolobok-1_DR	Kolobok-T2	DNA	0	0	0	0	0	0	0.59	1.468	2.763	2.106	0	cluster8
TALONT001104263	TALONG000034692	Gypsy106-I_DR	Gypsy	LTR	0	0	0	0	0	0	1.18	2.936	8.29	6.317	0.677	cluster8
TALONT001342088	TALONG000053785	Gypsy152B-I_DR	Gypsy	LTR	0	0	0	0	0	0	0	5.138	6.447	4.211	0	cluster8
TALONT000989459	ENSDARG00000107425	EnSpm-2_DR	CMC-EnSpm	DNA	0	0	0	0	0	2.45	2.359	17.617	28.553	19.652	4.738	cluster8
TALONT001235810	TALONG000047884	BHIKHARI_I	ERV1	LTR	0	0	0	0	0	0	0	1.468	2.763	1.404	0	cluster8
TALONT001260025	ENSDARG00000112601	Gypsy69-I_DR	Gypsy	LTR	0	0	0	0	0	0	0	2.202	2.763	0	0	cluster8
TALONT001356675	TALONG000047787	EnSpm-2_DR	CMC-EnSpm	DNA	0	0	0	0	0	0	0	2.936	3.684	0.702	0	cluster8
TALONT001139271	TALONG000051804	Gypsy47-I_DR	Gypsy	LTR	0	0	0	0	0	0	0.59	2.202	4.605	0.702	0.677	cluster8
TALONT001325248	ENSDARG00000107425	EnSpm-2_DR	CMC-EnSpm	DNA	0	0	0	0	0	0	0	2.202	5.526	1.404	0.677	cluster8
TALONT001346937	ENSDARG00000113654	Kolobok-1_DR	Kolobok-T2	DNA	0	0	0	0	0	0	0	1.468	3.684	0.702	0.677	cluster8
TALONT001249062	TALONG000050677	hAT-N76_DR	CMC-EnSpm	DNA	0	0	0	0	0	0	0	1.468	6.447	0.702	0.677	cluster8
TALONT001366600	TALONG000053996	Tx1-19_DR	L1-Tx1	LINE	0	0	0	0	0	0	0	1.468	6.447	0.702	1.354	cluster8
TALONT001210913	ENSDARG00000095057	EnSpm-17_DR	CMC-EnSpm	DNA	0	0	0	0	0	0	0	0.734	2.763	0.702	0	cluster8
TALONT001132792	ENSDARG00000107425	EnSpm-2_DR	CMC-EnSpm	DNA	0	0	0	0	0	0	0.59	0.734	5.526	0.702	0.677	cluster8
TALONT001168251	TALONG000052102	Gypsy94-I_DR	Gypsy	LTR	0	0	0	0	0	0	0.59	0.734	4.605	0.702	0	cluster8
TALONT001221234	TALONG000052748	Gypsy102-I_DR	Gypsy	LTR	0	0	0	0	0	0	0	0.734	1.842	0.702	2.707	cluster8
TALONT000964066	TALONG000049303	Gypsy137-I_DR	Gypsy	LTR	0	0	0	0	0	0.817	0.59	2.936	14.737	4.913	19.629	cluster8
TALONT001385103	TALONG000054153	BHIKHARI_LTR	ERV1	LTR	0	0	0	0	0	0	0	0.734	2.763	0.702	3.384	cluster8
TALONT001356242	TALONG000053921	L2-1_DR	L2	LINE	0	0	0	0	0	0	0	0.734	1.842	0.702	2.031	cluster8
TALONT000910775	TALONG000047762	L2-1_DR	L2	LINE	0	0	0	0	0	0.817	1.18	3.67	12.895	6.317	13.537	cluster8
TALONT001356955	TALONG000049990	Gypsy-219_DR-I	Gypsy	LTR	0	0	0	0	0	0	0	0.734	2.763	1.404	3.385	cluster8
TALONT000927739	ENSDARG00000095057	EnSpm-17_DR	CMC-EnSpm	DNA	0	0	0	0	0	0.817	0.59	0.734	2.763	0.702	2.031	cluster8
ENSDART00000157944	ENSDARG00000103037	Nimb-2_DR	I	LINE	0	0	0	0.552	0	3.266	1.769	3.67	8.29	3.509	6.769	cluster8
TALONT001020999	ENSDARG00000073920	BEL-56_DRe-I	Pao	LTR	0	0	0	0	0	0	0.59	0.734	2.763	0.702	2.031	cluster8
TALONT001040811	TALONG000050487	Tx1-12_DR	L1-Tx1	LINE	0	0	0	0	0	0	0.59	0	2.763	0.702	2.031	cluster8
TALONT000663453	TALONG000047231	ERV1-N2-I_DR	ERV1-N2-I_DR	LTR	0	0	0	0.552	0	4.899	4.719	5.138	17.5	6.316	19.629	cluster8
TALONT001404909	ENSDARG00000094668	EnSpm-5_DR	CMC-EnSpm	DNA	0	0	0	0	0	0	0	0	2.763	0.702	2.707	cluster8
TALONT001235590	TALONG000046088	BHIKHARI-5-I_DR	ERV1	LTR	0	0	0	0.552	0	0	1.769	2.202	14.737	3.509	15.568	cluster8
TALONT001111273	TALONG000049246	hAT-N76_DR	CMC-EnSpm	DNA	0	0	0	0	0	0	1.18	0.734	0.921	0	1.354	cluster8
ENSDART00000137727	ENSDARG00000094140	EnSpm-N13_DR	CMC-EnSpm	DNA	0	0	0	0	0	0	1.769	1.468	4.605	0	4.738	cluster8
ENSDART00000164291	ENSDARG00000103976	Tx1-5_DR	L1-Tx1	LINE	0	0	0	0	0	0.817	2.949	2.202	6.447	1.404	5.415	cluster8
ENSDART00000159363	ENSDARG00000099201	Nimb-2_DR	I	LINE	0	0	0	0	0	0.817	1.18	1.468	2.763	0.702	4.061	cluster8
TALONT001275871	TALONG000032297	hAT-N114_DR	hAT-Ac	DNA	0	0	0	0	0	0	1.18	2.202	3.684	0.702	4.738	cluster8
TALONT001537117	TALONG000046074	BHIKHARI-5-I_DR	ERV1	LTR	0	0	0	0	0	0	0	0	0.921	0	1.354	cluster8
TALONT001441437	ENSDARG00000093317	EnSpm-N10_DR	CMC-EnSpm	DNA	0	0	0	0	0	0	0	0	1.842	0	2.031	cluster8
ENSDART00000139978	ENSDARG00000096215	DNA2-8_DR	CMC-EnSpm	DNA	0	0	0	0	0	0	0	0	1.842	0	2.031	cluster8
TALONT001535272	ENSDARG00000090975	EnSpm-N10_DR	CMC-EnSpm	DNA	0	0	0	0	0	0	0	0	1.842	0	2.031	cluster8
TALONT001384705	TALONG000048713	ERV1-N3-I_DR	ERV1	LTR	0	0	0	0	0	0	0	0.734	1.842	0	2.707	cluster8
TALONT001232819	TALONG000048544	Gypsy-24-I_DR	Gypsy	LTR	0	0	0	0	0	0	0	0.734	3.684	0	4.061	cluster8
TALONT001351956	TALONG000053869	L1-51_DR	L1	LINE	0	0	0	0	0	0	0	0.734	2.763	0	2.707	cluster8
TALONT001334030	ENSDARG00000107576	EnSpm-N17_DR	TcMar	DNA	0	0	0	0	0	0	0	1.468	3.684	0	3.384	cluster8
TALONT001220643	ENSDARG00000087061	EnSpm-N10_DR	CMC-EnSpm	DNA	0	0	0	0	0	0	0	0.734	1.842	0	2.031	cluster8
TALONT000771527	TALONG000047811	BEL-26_DR-I	Pao	LTR	0	0	0	0	0.647	0.817	1.18	3.67	9.21	0.702	10.83	cluster8
TALONT001479940	TALONG000035400	BHIKHARI_I	ERV1	LTR	0	0	0	0	0	0	0	0	4.605	0.702	2.031	cluster8
TALONT001455653	TALONG000054743	Tx1-29_DR	L1-Tx1	LINE	0	0	0	0	0	0	0	0	7.368	1.404	3.384	cluster8
TALONT000956345	TALONG000049224	BEL-43_DRe-I	Pao	LTR	0	0	0	0	0	0.817	1.18	0	7.368	2.807	3.384	cluster8
TALONT001505799	TALONG000055160	BEL23-I_DR	Pao	LTR	0	0	0	0	0	0	0	0	3.684	1.404	1.354	cluster8
TALONT000958616	ENSDARG00000042677	EnSpm-2_DR	CMC-EnSpm	DNA	0	0	0	0	0	0.817	1.769	1.468	6.447	4.211	3.384	cluster8
ENSDART00000134496	ENSDARG00000094846	Gypsy-24-LTR_DR	Gypsy	LTR	0	0	0	0	0	0.817	0	0.734	5.526	3.509	3.384	cluster8
TALONT000931256	TALONG000048955	hAT-27_DR	hAT-Ac	DNA	0	0	0	0	0	0.817	0.59	1.468	4.605	3.509	2.707	cluster8
TALONT001070793	TALONG000050856	EnSpm-N17_DR	TcMar	DNA	0	0	0	0	0	0	3.539	5.872	11.974	9.826	8.799	cluster8
TALONT001292947	TALONG000034394	L2-1_DR	L2	LINE	0	0	0	0	0	0	0	2.202	5.526	2.807	3.384	cluster8
TALONT001160266	TALONG000052042	Gypsy49-I_DR	Gypsy	LTR	0	0	0	0	0	0	0.59	4.404	11.053	7.019	6.092	cluster8
TALONT001302279	TALONG000053441	L1-39_DR	L1	LINE	0	0	0	0	0	0	0	1.468	5.526	3.509	2.707	cluster8
TALONT001335607	ENSDARG00000013500	EnSpm-3_DR	CMC-EnSpm	DNA	0	0	0	0	0	0	0	2.202	6.447	2.106	2.031	cluster8
TALONT001147667	ENSDARG00000107576	EnSpm-N17_DR	TcMar	DNA	0	0	0	0	0	0	1.18	1.468	5.526	2.106	2.031	cluster8
TALONT000617552	TALONG000046879	L1-39_DR	L1	LINE	0	0	0	0.552	0.647	0	1.18	2.936	8.29	3.509	4.061	cluster8
TALONT001265226	TALONG000047824	EnSpm-2_DR	CMC-EnSpm	DNA	0	0	0	0	0	0	0	1.468	4.605	3.509	1.354	cluster8
TALONT001263045	TALONG000040715	BHIKHARI_LTR	ERV1	LTR	0	0	0	0	0	0	0	0.734	2.763	1.404	0.677	cluster8
TALONT001123023	TALONG000051445	BHIKHARI-3-LTR_DR	ERV1	LTR	0	0	0	0	0	0	0.59	3.67	16.579	8.422	6.092	cluster8
TALONT000969607	TALONG000049390	L2-2_DRe	L2	LINE	0	0	0	0	0	1.633	3.539	0.734	5.526	4.913	4.738	cluster8
TALONT001067049	TALONG000050809	BHIKHARI_I	ERV1	LTR	0	0	0	0	0	0	1.18	0	2.763	2.106	2.031	cluster8
TALONT001482430	ENSDARG00000103341	BEL27-I_DR	Pao	LTR	0	0	0	0	0	0	1.769	0	3.684	1.404	2.031	cluster8
TALONT001113576	TALONG000051351	Gypsy-187_DR-I	Gypsy	LTR	0	0	0	0	0	0	1.769	0	1.842	1.404	1.354	cluster8
TALONT001155289	ENSDARG00000069142	BEL-43_DRe-I	Pao	LTR	0	0	0	0	0	0	1.769	1.468	5.526	4.211	5.415	cluster8
TALONT001034951	TALONG000048816	BEL29-I_DR	Pao	LTR	0	0	0	0	0	0	4.129	2.936	10.132	7.721	10.83	cluster8
TALONT000929097	TALONG000043194	BHIKHARI-3-I_DR	ERV1	LTR	0	0	0	0	0	9.799	41.878	157.818	570.134	503.932	635.563	cluster8
TALONT001040261	TALONG000050477	Gypsy87-I_DR	Gypsy	LTR	0	0	0	0	0	0	1.769	4.404	12.895	10.528	12.86	cluster8
TALONT000924510	TALONG000047879	ERV1_DR-I	ERV1	LTR	0	0	0	0	0	4.899	24.773	146.807	302.107	214.769	260.588	cluster8
TALONT000893739	TALONG000048505	EnSpm-N17_DR	TcMar	DNA	0	0	0	0	0	0.817	0	1.468	4.605	3.509	4.061	cluster8
TALONT000950476	TALONG000045153	Gypsy-33-I_DR	Gypsy	LTR	0	0	0	0	0	0.817	0	0	1.842	1.404	2.031	cluster8
ENSDART00000152541	ENSDARG00000096527	Tx1-4_DR	L1-Tx1	LINE	0	0	0	0	0	0	0	0	2.763	1.404	2.031	cluster8
TALONT001476450	TALONG000039911	DNA2-5_DR	hAT-Ac	DNA	0	0	0	0	0	0	0	0	4.605	2.106	3.384	cluster8
